id;club_id;person_id;sign_on;sign_off;number;position_id;public;created_at;updated_at
1;4;1;2013-01-01;NULL;NULL;NULL;1;2017-12-09 22:39:31;2017-12-09 22:39:31
2;4;2;2013-01-01;NULL;NULL;NULL;1;2017-12-09 22:39:31;2017-12-09 22:39:31
3;2;3;2011-01-01;NULL;NULL;NULL;1;2017-12-09 22:39:31;2017-12-09 22:39:31
4;2;4;2014-01-01;NULL;NULL;NULL;1;2017-12-09 22:39:31;2017-12-09 22:39:31
5;2;5;2012-01-01;NULL;NULL;NULL;1;2017-12-09 22:39:31;2017-12-09 22:39:31
6;1;6;2013-01-01;NULL;NULL;NULL;1;2017-12-09 22:39:31;2017-12-09 22:39:31
7;1;7;2013-01-01;NULL;NULL;NULL;1;2017-12-09 22:39:31;2017-12-09 22:39:31
8;1;8;2013-01-01;NULL;NULL;NULL;1;2017-12-09 22:39:31;2017-12-09 22:39:31
9;1;9;2013-01-01;NULL;NULL;NULL;1;2017-12-09 22:39:31;2017-12-09 22:39:31
10;14;10;2013-09-04;NULL;NULL;NULL;1;2017-12-09 22:39:31;2017-12-09 22:39:31
11;14;11;2013-01-01;NULL;NULL;NULL;1;2017-12-09 22:39:31;2017-12-09 22:39:31
12;12;12;2014-01-01;2014-12-31;NULL;NULL;1;2017-12-09 22:39:31;2017-12-09 22:39:31
29;4;29;2013-01-01;NULL;NULL;NULL;1;2017-12-09 22:39:31;2017-12-09 22:39:31
32;12;32;2013-01-01;2013-12-31;NULL;NULL;1;2017-12-09 22:39:31;2017-12-09 22:39:31
34;12;34;2014-01-01;NULL;NULL;NULL;1;2017-12-09 22:39:31;2017-12-09 22:39:31
35;12;35;2014-01-01;2014-12-31;NULL;NULL;1;2017-12-09 22:39:31;2017-12-09 22:39:31
36;2;36;2014-01-01;2014-12-31;NULL;NULL;1;2017-12-09 22:39:31;2017-12-09 22:39:31
37;2;37;2014-01-01;2014-12-31;NULL;NULL;1;2017-12-09 22:39:31;2017-12-09 22:39:31
38;14;38;2013-01-01;NULL;NULL;NULL;1;2017-12-09 22:39:31;2017-12-09 22:39:31
39;14;39;2017-03-24;NULL;NULL;NULL;1;2017-12-09 22:39:31;2017-12-09 22:39:31
42;16;42;2015-01-01;NULL;NULL;NULL;1;2017-12-09 22:39:31;2017-12-09 22:39:31
43;16;43;2015-01-01;NULL;NULL;NULL;1;2017-12-09 22:39:31;2017-12-09 22:39:31
47;15;47;2012-02-01;NULL;NULL;NULL;1;2017-12-09 22:39:31;2017-12-09 22:39:31
48;15;48;2012-02-01;NULL;NULL;NULL;1;2017-12-09 22:39:31;2017-12-09 22:39:31
49;15;49;2012-02-01;NULL;NULL;NULL;1;2017-12-09 22:39:31;2017-12-09 22:39:31
50;15;50;2012-02-01;NULL;NULL;NULL;1;2017-12-09 22:39:31;2017-12-09 22:39:31
51;8;51;2014-01-01;NULL;NULL;NULL;1;2017-12-09 22:39:31;2017-12-09 22:39:31
52;8;52;2016-01-24;NULL;NULL;NULL;1;2017-12-09 22:39:31;2017-12-09 22:39:31
53;12;53;2014-01-01;NULL;NULL;NULL;1;2017-12-09 22:39:31;2017-12-09 22:39:31
54;12;54;2011-02-01;NULL;NULL;NULL;1;2017-12-09 22:39:31;2017-12-09 22:39:31
56;2;56;2014-01-01;2014-12-31;NULL;NULL;1;2017-12-09 22:39:31;2017-12-09 22:39:31
57;8;57;2016-10-20;NULL;NULL;NULL;1;2017-12-09 22:39:31;2017-12-09 22:39:31
58;8;58;2014-01-01;NULL;NULL;NULL;1;2017-12-09 22:39:31;2017-12-09 22:39:31
60;14;60;2016-01-24;NULL;NULL;NULL;1;2017-12-09 22:39:31;2017-12-09 22:39:31
61;4;61;2012-01-01;2012-12-31;NULL;NULL;1;2017-12-09 22:39:31;2017-12-09 22:39:31
66;15;66;2012-02-01;NULL;NULL;NULL;1;2017-12-09 22:39:31;2017-12-09 22:39:31
67;44;67;2013-01-01;NULL;NULL;NULL;1;2017-12-09 22:39:31;2017-12-09 22:39:31
68;12;68;2013-01-01;2013-11-07;NULL;NULL;1;2017-12-09 22:39:31;2017-12-09 22:39:31
69;12;69;2014-01-01;NULL;NULL;NULL;1;2017-12-09 22:39:31;2017-12-09 22:39:31
70;8;70;2014-01-01;NULL;NULL;NULL;1;2017-12-09 22:39:31;2017-12-09 22:39:31
71;8;71;2014-01-01;NULL;NULL;NULL;1;2017-12-09 22:39:31;2017-12-09 22:39:31
72;8;72;2016-01-24;NULL;NULL;NULL;1;2017-12-09 22:39:31;2017-12-09 22:39:31
73;9;73;2016-02-17;NULL;NULL;NULL;1;2017-12-09 22:39:31;2017-12-09 22:39:31
74;9;74;2014-01-01;NULL;NULL;NULL;1;2017-12-09 22:39:31;2017-12-09 22:39:31
75;2;75;2099-01-01;9999-12-31;NULL;NULL;1;2017-12-09 22:39:31;2017-12-09 22:39:31
76;9;76;2014-01-01;NULL;NULL;NULL;1;2017-12-09 22:39:31;2017-12-09 22:39:31
77;9;77;2014-01-01;NULL;NULL;NULL;1;2017-12-09 22:39:31;2017-12-09 22:39:31
78;9;78;2014-01-01;NULL;NULL;NULL;1;2017-12-09 22:39:31;2017-12-09 22:39:31
79;9;79;2014-01-01;NULL;NULL;NULL;1;2017-12-09 22:39:31;2017-12-09 22:39:31
81;14;81;2013-01-01;NULL;NULL;NULL;1;2017-12-09 22:39:31;2017-12-09 22:39:31
82;4;82;2013-01-01;NULL;NULL;NULL;1;2017-12-09 22:39:31;2017-12-09 22:39:31
83;12;83;2014-01-01;NULL;NULL;NULL;1;2017-12-09 22:39:31;2017-12-09 22:39:31
84;12;84;2099-01-01;9999-12-31;NULL;NULL;1;2017-12-09 22:39:31;2017-12-09 22:39:31
87;8;87;2014-01-01;NULL;NULL;NULL;1;2017-12-09 22:39:31;2017-12-09 22:39:31
89;1;89;2013-01-01;NULL;NULL;NULL;1;2017-12-09 22:39:31;2017-12-09 22:39:31
91;2;91;2014-01-01;2017-09-17;NULL;NULL;1;2017-12-09 22:39:31;2017-12-09 22:39:31
92;4;92;2013-01-01;NULL;NULL;NULL;1;2017-12-09 22:39:31;2017-12-09 22:39:31
93;2;93;2099-01-01;9999-12-31;NULL;NULL;1;2017-12-09 22:39:31;2017-12-09 22:39:31
97;1;97;2013-01-01;2017-03-16;NULL;NULL;1;2017-12-09 22:39:31;2017-12-09 22:39:31
98;1;98;2013-01-01;NULL;NULL;NULL;1;2017-12-09 22:39:31;2017-12-09 22:39:31
99;14;99;2013-01-01;NULL;NULL;NULL;1;2017-12-09 22:39:31;2017-12-09 22:39:31
101;4;101;2013-01-01;NULL;NULL;NULL;1;2017-12-09 22:39:31;2017-12-09 22:39:31
102;4;102;2099-01-01;9999-12-31;NULL;NULL;1;2017-12-09 22:39:31;2017-12-09 22:39:31
103;15;103;2012-03-03;NULL;NULL;NULL;1;2017-12-09 22:39:31;2017-12-09 22:39:31
105;9;105;2014-01-01;NULL;NULL;NULL;1;2017-12-09 22:39:31;2017-12-09 22:39:31
107;1;107;2013-01-01;NULL;NULL;NULL;1;2017-12-09 22:39:31;2017-12-09 22:39:31
108;9;108;2014-01-01;NULL;NULL;NULL;1;2017-12-09 22:39:31;2017-12-09 22:39:31
109;2;109;2014-01-01;2016-01-26;NULL;NULL;1;2017-12-09 22:39:31;2017-12-09 22:39:31
113;12;113;2014-01-01;NULL;NULL;NULL;1;2017-12-09 22:39:31;2017-12-09 22:39:31
119;16;119;2015-01-01;NULL;NULL;NULL;1;2017-12-09 22:39:31;2017-12-09 22:39:31
120;16;120;2015-01-01;NULL;NULL;NULL;1;2017-12-09 22:39:31;2017-12-09 22:39:31
121;16;121;2015-01-01;NULL;NULL;NULL;1;2017-12-09 22:39:31;2017-12-09 22:39:31
122;16;122;2015-01-01;2016-06-01;NULL;NULL;1;2017-12-09 22:39:31;2017-12-09 22:39:31
123;16;123;2015-01-01;NULL;NULL;NULL;1;2017-12-09 22:39:31;2017-12-09 22:39:31
124;16;124;2015-01-01;NULL;NULL;NULL;1;2017-12-09 22:39:31;2017-12-09 22:39:31
125;8;125;2014-01-01;NULL;NULL;NULL;1;2017-12-09 22:39:31;2017-12-09 22:39:31
126;15;126;2012-02-01;NULL;NULL;NULL;1;2017-12-09 22:39:31;2017-12-09 22:39:31
127;15;127;2012-03-19;NULL;NULL;NULL;1;2017-12-09 22:39:31;2017-12-09 22:39:31
128;15;128;2012-02-01;NULL;NULL;NULL;1;2017-12-09 22:39:31;2017-12-09 22:39:31
131;44;131;2013-01-01;NULL;NULL;NULL;1;2017-12-09 22:39:31;2017-12-09 22:39:31
132;9;132;2015-08-28;NULL;NULL;NULL;1;2017-12-09 22:39:31;2017-12-09 22:39:31
135;8;135;2014-01-01;NULL;NULL;NULL;1;2017-12-09 22:39:31;2017-12-09 22:39:31
136;12;136;2014-01-01;NULL;NULL;NULL;1;2017-12-09 22:39:31;2017-12-09 22:39:31
137;12;137;2014-01-01;NULL;NULL;NULL;1;2017-12-09 22:39:31;2017-12-09 22:39:31
138;4;138;2013-01-01;NULL;NULL;NULL;1;2017-12-09 22:39:31;2017-12-09 22:39:31
139;2;139;2012-03-20;NULL;NULL;NULL;1;2017-12-09 22:39:31;2017-12-09 22:39:31
142;12;142;2014-01-01;NULL;NULL;NULL;1;2017-12-09 22:39:31;2017-12-09 22:39:31
144;8;144;2014-01-01;NULL;NULL;NULL;1;2017-12-09 22:39:31;2017-12-09 22:39:31
145;2;145;2099-01-01;9999-12-31;NULL;NULL;1;2017-12-09 22:39:31;2017-12-09 22:39:31
148;4;148;2016-01-24;2017-01-05;NULL;NULL;1;2017-12-09 22:39:31;2017-12-09 22:39:31
150;44;150;2013-01-01;NULL;NULL;NULL;1;2017-12-09 22:39:31;2017-12-09 22:39:31
151;44;151;2013-01-01;NULL;NULL;NULL;1;2017-12-09 22:39:31;2017-12-09 22:39:31
152;44;152;2013-01-01;NULL;NULL;NULL;1;2017-12-09 22:39:31;2017-12-09 22:39:31
153;14;153;2011-10-12;NULL;NULL;NULL;1;2017-12-09 22:39:31;2017-12-09 22:39:31
154;12;154;2014-01-01;NULL;NULL;NULL;1;2017-12-09 22:39:31;2017-12-09 22:39:31
155;16;155;2015-01-01;NULL;NULL;NULL;1;2017-12-09 22:39:31;2017-12-09 22:39:31
156;14;156;2099-01-01;9999-12-31;NULL;NULL;1;2017-12-09 22:39:31;2017-12-09 22:39:31
157;14;157;2013-01-01;NULL;NULL;NULL;1;2017-12-09 22:39:31;2017-12-09 22:39:31
158;44;158;2013-01-01;NULL;NULL;NULL;1;2017-12-09 22:39:31;2017-12-09 22:39:31
161;2;161;2014-01-01;NULL;NULL;NULL;1;2017-12-09 22:39:31;2017-12-09 22:39:31
162;44;162;2013-01-01;NULL;NULL;NULL;1;2017-12-09 22:39:31;2017-12-09 22:39:31
165;1;165;2013-01-01;NULL;NULL;NULL;1;2017-12-09 22:39:31;2017-12-09 22:39:31
166;1;166;2013-01-01;NULL;NULL;NULL;1;2017-12-09 22:39:31;2017-12-09 22:39:31
167;16;167;2015-01-01;NULL;NULL;NULL;1;2017-12-09 22:39:31;2017-12-09 22:39:31
168;2;168;2099-01-01;9999-12-31;NULL;NULL;1;2017-12-09 22:39:31;2017-12-09 22:39:31
169;2;169;2099-01-01;9999-12-31;NULL;NULL;1;2017-12-09 22:39:31;2017-12-09 22:39:31
171;16;171;2015-01-01;NULL;NULL;NULL;1;2017-12-09 22:39:31;2017-12-09 22:39:31
173;44;173;2013-01-01;NULL;NULL;NULL;1;2017-12-09 22:39:31;2017-12-09 22:39:31
174;44;174;2012-07-11;NULL;NULL;NULL;1;2017-12-09 22:39:31;2017-12-09 22:39:31
175;44;175;2013-01-01;NULL;NULL;NULL;1;2017-12-09 22:39:31;2017-12-09 22:39:31
179;9;179;2014-01-01;NULL;NULL;NULL;1;2017-12-09 22:39:31;2017-12-09 22:39:31
180;8;180;2014-01-01;NULL;NULL;NULL;1;2017-12-09 22:39:31;2017-12-09 22:39:31
181;8;181;2014-01-01;NULL;NULL;NULL;1;2017-12-09 22:39:31;2017-12-09 22:39:31
183;12;183;2014-01-01;NULL;NULL;NULL;1;2017-12-09 22:39:31;2017-12-09 22:39:31
185;9;185;2014-01-01;NULL;NULL;NULL;1;2017-12-09 22:39:31;2017-12-09 22:39:31
186;9;186;2014-01-01;NULL;NULL;NULL;1;2017-12-09 22:39:31;2017-12-09 22:39:31
187;9;187;2014-01-01;NULL;NULL;NULL;1;2017-12-09 22:39:31;2017-12-09 22:39:31
188;9;188;2014-01-01;NULL;NULL;NULL;1;2017-12-09 22:39:31;2017-12-09 22:39:31
189;16;189;2015-01-01;NULL;NULL;NULL;1;2017-12-09 22:39:31;2017-12-09 22:39:31
190;44;190;2013-01-01;NULL;NULL;NULL;1;2017-12-09 22:39:31;2017-12-09 22:39:31
192;14;192;2099-01-01;9999-12-31;NULL;NULL;1;2017-12-09 22:39:31;2017-12-09 22:39:31
193;8;193;2014-01-01;2017-01-05;NULL;NULL;1;2017-12-09 22:39:31;2017-12-09 22:39:31
194;14;194;2013-01-01;NULL;NULL;NULL;1;2017-12-09 22:39:31;2017-12-09 22:39:31
196;1;196;2013-01-01;NULL;NULL;NULL;1;2017-12-09 22:39:31;2017-12-09 22:39:31
200;1;200;2013-01-01;NULL;NULL;NULL;1;2017-12-09 22:39:31;2017-12-09 22:39:31
201;1;201;2013-01-01;NULL;NULL;NULL;1;2017-12-09 22:39:31;2017-12-09 22:39:31
202;2;202;2099-01-01;9999-12-31;NULL;NULL;1;2017-12-09 22:39:31;2017-12-09 22:39:31
203;16;203;2015-01-01;NULL;NULL;NULL;1;2017-12-09 22:39:31;2017-12-09 22:39:31
205;12;205;2014-01-01;NULL;NULL;NULL;1;2017-12-09 22:39:31;2017-12-09 22:39:31
209;8;209;2014-01-01;NULL;NULL;NULL;1;2017-12-09 22:39:31;2017-12-09 22:39:31
210;8;210;2014-01-01;NULL;NULL;NULL;1;2017-12-09 22:39:31;2017-12-09 22:39:31
211;2;211;2014-01-01;NULL;NULL;NULL;1;2017-12-09 22:39:31;2017-12-09 22:39:31
212;2;212;2014-01-01;2017-04-01;NULL;NULL;1;2017-12-09 22:39:31;2017-12-09 22:39:31
214;12;214;2099-01-01;9999-12-31;NULL;NULL;1;2017-12-09 22:39:31;2017-12-09 22:39:31
218;12;218;2014-01-01;NULL;NULL;NULL;1;2017-12-09 22:39:31;2017-12-09 22:39:31
222;12;222;2012-09-21;2013-11-07;NULL;NULL;1;2017-12-09 22:39:31;2017-12-09 22:39:31
223;15;223;2012-10-13;NULL;NULL;NULL;1;2017-12-09 22:39:31;2017-12-09 22:39:31
224;4;224;2013-01-01;NULL;NULL;NULL;1;2017-12-09 22:39:31;2017-12-09 22:39:31
225;4;225;2013-01-01;NULL;NULL;NULL;1;2017-12-09 22:39:31;2017-12-09 22:39:31
226;2;226;2014-01-01;NULL;NULL;NULL;1;2017-12-09 22:39:31;2017-12-09 22:39:31
228;1;228;2013-01-01;NULL;NULL;NULL;1;2017-12-09 22:39:31;2017-12-09 22:39:31
229;1;229;2013-01-01;NULL;NULL;NULL;1;2017-12-09 22:39:31;2017-12-09 22:39:31
232;9;232;2014-01-01;NULL;NULL;NULL;1;2017-12-09 22:39:31;2017-12-09 22:39:31
233;9;233;2014-01-01;NULL;NULL;NULL;1;2017-12-09 22:39:31;2017-12-09 22:39:31
235;2;235;2099-01-01;9999-12-31;NULL;NULL;1;2017-12-09 22:39:31;2017-12-09 22:39:31
236;2;236;2099-01-01;9999-12-31;NULL;NULL;1;2017-12-09 22:39:31;2017-12-09 22:39:31
241;2;241;2099-01-01;9999-12-31;NULL;NULL;1;2017-12-09 22:39:31;2017-12-09 22:39:31
243;44;243;2013-01-01;NULL;NULL;NULL;1;2017-12-09 22:39:31;2017-12-09 22:39:31
244;15;244;2012-02-01;NULL;NULL;NULL;1;2017-12-09 22:39:31;2017-12-09 22:39:31
252;8;252;2014-01-01;NULL;NULL;NULL;1;2017-12-09 22:39:31;2017-12-09 22:39:31
254;47;254;2014-01-01;NULL;NULL;NULL;1;2017-12-09 22:39:31;2017-12-09 22:39:31
255;47;255;2016-03-10;NULL;NULL;NULL;1;2017-12-09 22:39:31;2017-12-09 22:39:31
256;47;256;2014-01-01;NULL;NULL;NULL;1;2017-12-09 22:39:31;2017-12-09 22:39:31
258;2;258;2099-01-01;9999-12-31;NULL;NULL;1;2017-12-09 22:39:31;2017-12-09 22:39:31
259;46;259;2014-02-13;NULL;NULL;NULL;1;2017-12-09 22:39:31;2017-12-09 22:39:31
263;47;263;2014-01-01;NULL;NULL;NULL;1;2017-12-09 22:39:31;2017-12-09 22:39:31
264;9;264;2014-01-01;NULL;NULL;NULL;1;2017-12-09 22:39:31;2017-12-09 22:39:31
265;9;265;2017-06-20;NULL;NULL;NULL;1;2017-12-09 22:39:31;2017-12-09 22:39:31
275;12;275;2099-01-01;9999-12-31;NULL;NULL;1;2017-12-09 22:39:31;2017-12-09 22:39:31
276;44;276;2013-01-01;NULL;NULL;NULL;1;2017-12-09 22:39:31;2017-12-09 22:39:31
278;46;278;2014-01-01;NULL;NULL;NULL;1;2017-12-09 22:39:31;2017-12-09 22:39:31
283;50;283;2016-06-27;NULL;NULL;NULL;1;2017-12-09 22:39:31;2017-12-09 22:39:31
284;50;284;2013-01-01;NULL;NULL;NULL;1;2017-12-09 22:39:31;2017-12-09 22:39:31
285;47;285;2014-01-01;NULL;NULL;NULL;1;2017-12-09 22:39:31;2017-12-09 22:39:31
286;4;286;2013-02-12;NULL;NULL;NULL;1;2017-12-09 22:39:31;2017-12-09 22:39:31
287;4;287;2012-08-02;NULL;NULL;NULL;1;2017-12-09 22:39:31;2017-12-09 22:39:31
288;4;288;2013-01-01;NULL;NULL;NULL;1;2017-12-09 22:39:31;2017-12-09 22:39:31
289;50;289;2013-01-01;NULL;NULL;NULL;1;2017-12-09 22:39:31;2017-12-09 22:39:31
290;50;290;2013-01-01;NULL;NULL;NULL;1;2017-12-09 22:39:31;2017-12-09 22:39:31
291;50;291;2013-01-01;NULL;NULL;NULL;1;2017-12-09 22:39:31;2017-12-09 22:39:31
295;46;295;2014-01-01;NULL;NULL;NULL;1;2017-12-09 22:39:31;2017-12-09 22:39:31
296;46;296;2014-01-01;NULL;NULL;NULL;1;2017-12-09 22:39:31;2017-12-09 22:39:31
298;12;298;2014-01-01;NULL;NULL;NULL;1;2017-12-09 22:39:31;2017-12-09 22:39:31
299;12;299;2011-05-02;NULL;NULL;NULL;1;2017-12-09 22:39:31;2017-12-09 22:39:31
302;46;302;2014-01-01;NULL;NULL;NULL;1;2017-12-09 22:39:31;2017-12-09 22:39:31
303;46;303;2014-01-01;NULL;NULL;NULL;1;2017-12-09 22:39:31;2017-12-09 22:39:31
307;8;307;2014-01-01;NULL;NULL;NULL;1;2017-12-09 22:39:31;2017-12-09 22:39:31
308;8;308;2014-01-01;NULL;NULL;NULL;1;2017-12-09 22:39:31;2017-12-09 22:39:31
309;2;309;2099-01-01;9999-12-31;NULL;NULL;1;2017-12-09 22:39:31;2017-12-09 22:39:31
317;12;317;2014-01-01;NULL;NULL;NULL;1;2017-12-09 22:39:31;2017-12-09 22:39:31
320;47;320;2014-01-01;NULL;NULL;NULL;1;2017-12-09 22:39:31;2017-12-09 22:39:31
321;14;321;2015-02-26;2017-01-05;NULL;NULL;1;2017-12-09 22:39:31;2017-12-09 22:39:31
326;46;326;2014-01-01;NULL;NULL;NULL;1;2017-12-09 22:39:31;2017-12-09 22:39:31
329;50;329;2013-01-01;NULL;NULL;NULL;1;2017-12-09 22:39:31;2017-12-09 22:39:31
330;50;330;2013-01-01;NULL;NULL;NULL;1;2017-12-09 22:39:31;2017-12-09 22:39:31
332;16;332;2015-01-01;NULL;NULL;NULL;1;2017-12-09 22:39:31;2017-12-09 22:39:31
333;47;333;2099-01-01;9999-12-31;NULL;NULL;1;2017-12-09 22:39:31;2017-12-09 22:39:31
334;47;334;2099-01-01;9999-12-31;NULL;NULL;1;2017-12-09 22:39:31;2017-12-09 22:39:31
335;47;335;2099-01-01;9999-12-31;NULL;NULL;1;2017-12-09 22:39:31;2017-12-09 22:39:31
338;50;338;2013-04-14;NULL;NULL;NULL;1;2017-12-09 22:39:31;2017-12-09 22:39:31
340;9;340;2014-01-01;NULL;NULL;NULL;1;2017-12-09 22:39:31;2017-12-09 22:39:31
344;16;344;2015-01-01;NULL;NULL;NULL;1;2017-12-09 22:39:31;2017-12-09 22:39:31
346;4;346;2010-04-26;NULL;NULL;NULL;1;2017-12-09 22:39:31;2017-12-09 22:39:31
351;14;351;2013-01-01;NULL;NULL;NULL;1;2017-12-09 22:39:31;2017-12-09 22:39:31
352;47;352;2014-01-01;NULL;NULL;NULL;1;2017-12-09 22:39:31;2017-12-09 22:39:31
353;8;353;2014-01-01;NULL;NULL;NULL;1;2017-12-09 22:39:31;2017-12-09 22:39:31
354;14;354;2013-01-01;NULL;NULL;NULL;1;2017-12-09 22:39:31;2017-12-09 22:39:31
355;4;355;2013-01-01;NULL;NULL;NULL;1;2017-12-09 22:39:31;2017-12-09 22:39:31
357;2;357;2014-01-01;2016-11-02;NULL;NULL;1;2017-12-09 22:39:31;2017-12-09 22:39:31
358;50;358;2013-01-01;NULL;NULL;NULL;1;2017-12-09 22:39:31;2017-12-09 22:39:31
359;50;359;2013-01-01;NULL;NULL;NULL;1;2017-12-09 22:39:31;2017-12-09 22:39:31
360;50;360;2016-05-27;NULL;NULL;NULL;1;2017-12-09 22:39:31;2017-12-09 22:39:31
361;50;361;2013-01-01;NULL;NULL;NULL;1;2017-12-09 22:39:31;2017-12-09 22:39:31
370;14;370;2013-01-01;NULL;NULL;NULL;1;2017-12-09 22:39:31;2017-12-09 22:39:31
377;47;377;2014-01-01;NULL;NULL;NULL;1;2017-12-09 22:39:31;2017-12-09 22:39:31
378;47;378;2099-01-01;9999-12-31;NULL;NULL;1;2017-12-09 22:39:31;2017-12-09 22:39:31
379;1;379;2013-01-01;NULL;NULL;NULL;1;2017-12-09 22:39:31;2017-12-09 22:39:31
380;1;380;2013-01-01;NULL;NULL;NULL;1;2017-12-09 22:39:31;2017-12-09 22:39:31
381;1;381;2013-01-01;NULL;NULL;NULL;1;2017-12-09 22:39:31;2017-12-09 22:39:31
382;2;382;2014-01-01;2016-03-29;NULL;NULL;1;2017-12-09 22:39:31;2017-12-09 22:39:31
384;50;384;2013-01-01;NULL;NULL;NULL;1;2017-12-09 22:39:31;2017-12-09 22:39:31
385;46;385;2014-01-01;NULL;NULL;NULL;1;2017-12-09 22:39:31;2017-12-09 22:39:31
386;1;386;2013-01-01;NULL;NULL;NULL;1;2017-12-09 22:39:31;2017-12-09 22:39:31
387;2;387;2014-08-17;2017-09-17;NULL;NULL;1;2017-12-09 22:39:31;2017-12-09 22:39:31
390;15;390;2012-02-01;NULL;NULL;NULL;1;2017-12-09 22:39:31;2017-12-09 22:39:31
391;16;391;2015-01-01;NULL;NULL;NULL;1;2017-12-09 22:39:31;2017-12-09 22:39:31
392;2;392;2099-01-01;9999-12-31;NULL;NULL;1;2017-12-09 22:39:31;2017-12-09 22:39:31
397;50;397;2013-06-19;NULL;NULL;NULL;1;2017-12-09 22:39:31;2017-12-09 22:39:31
398;2;398;2013-09-10;NULL;NULL;NULL;1;2017-12-09 22:39:31;2017-12-09 22:39:31
399;4;399;2013-01-01;NULL;NULL;NULL;1;2017-12-09 22:39:31;2017-12-09 22:39:31
400;4;400;2013-09-02;NULL;NULL;NULL;1;2017-12-09 22:39:31;2017-12-09 22:39:31
401;44;401;2099-01-01;9999-12-31;NULL;NULL;1;2017-12-09 22:39:31;2017-12-09 22:39:31
403;15;403;2012-03-19;NULL;NULL;NULL;1;2017-12-09 22:39:31;2017-12-09 22:39:31
404;47;404;2014-01-01;NULL;NULL;NULL;1;2017-12-09 22:39:31;2017-12-09 22:39:31
411;15;411;2012-02-01;NULL;NULL;NULL;1;2017-12-09 22:39:31;2017-12-09 22:39:31
412;8;412;2014-01-01;NULL;NULL;NULL;1;2017-12-09 22:39:31;2017-12-09 22:39:31
418;2;418;2014-01-01;NULL;NULL;NULL;1;2017-12-09 22:39:31;2017-12-09 22:39:31
419;2;419;2014-01-01;2017-09-17;NULL;NULL;1;2017-12-09 22:39:31;2017-12-09 22:39:31
420;2;420;2014-01-01;NULL;NULL;NULL;1;2017-12-09 22:39:31;2017-12-09 22:39:31
423;15;423;2012-09-19;NULL;NULL;NULL;1;2017-12-09 22:39:31;2017-12-09 22:39:31
424;16;424;2015-01-01;NULL;NULL;NULL;1;2017-12-09 22:39:31;2017-12-09 22:39:31
425;9;425;2014-01-01;NULL;NULL;NULL;1;2017-12-09 22:39:31;2017-12-09 22:39:31
431;12;431;2014-01-01;NULL;NULL;NULL;1;2017-12-09 22:39:31;2017-12-09 22:39:31
432;12;432;2014-01-01;NULL;NULL;NULL;1;2017-12-09 22:39:31;2017-12-09 22:39:31
433;12;433;2014-01-01;NULL;NULL;NULL;1;2017-12-09 22:39:31;2017-12-09 22:39:31
435;46;435;2014-01-01;NULL;NULL;NULL;1;2017-12-09 22:39:31;2017-12-09 22:39:31
436;47;436;2015-07-27;NULL;NULL;NULL;1;2017-12-09 22:39:31;2017-12-09 22:39:31
438;2;438;2014-01-01;NULL;NULL;NULL;1;2017-12-09 22:39:31;2017-12-09 22:39:31
439;4;439;2099-01-01;9999-12-31;NULL;NULL;1;2017-12-09 22:39:31;2017-12-09 22:39:31
440;16;440;2015-01-01;NULL;NULL;NULL;1;2017-12-09 22:39:31;2017-12-09 22:39:31
445;1;445;2013-01-01;NULL;NULL;NULL;1;2017-12-09 22:39:31;2017-12-09 22:39:31
448;44;448;2012-02-01;NULL;NULL;NULL;1;2017-12-09 22:39:31;2017-12-09 22:39:31
450;12;450;2014-01-01;NULL;NULL;NULL;1;2017-12-09 22:39:31;2017-12-09 22:39:31
453;50;453;2013-01-01;NULL;NULL;NULL;1;2017-12-09 22:39:31;2017-12-09 22:39:31
454;53;454;2014-01-01;NULL;NULL;NULL;1;2017-12-09 22:39:31;2017-12-09 22:39:31
455;15;455;2012-02-01;NULL;NULL;NULL;1;2017-12-09 22:39:31;2017-12-09 22:39:31
457;15;457;2014-03-28;NULL;NULL;NULL;1;2017-12-09 22:39:31;2017-12-09 22:39:31
458;46;458;2014-01-01;NULL;NULL;NULL;1;2017-12-09 22:39:31;2017-12-09 22:39:31
459;1;459;2013-01-01;NULL;NULL;NULL;1;2017-12-09 22:39:31;2017-12-09 22:39:31
460;53;460;2014-02-16;NULL;NULL;NULL;1;2017-12-09 22:39:31;2017-12-09 22:39:31
462;53;462;2014-02-16;NULL;NULL;NULL;1;2017-12-09 22:39:31;2017-12-09 22:39:31
463;50;463;2014-02-25;NULL;NULL;NULL;1;2017-12-09 22:39:31;2017-12-09 22:39:31
465;14;465;2013-01-01;2017-01-05;NULL;NULL;1;2017-12-09 22:39:31;2017-12-09 22:39:31
466;53;466;2014-02-16;NULL;NULL;NULL;1;2017-12-09 22:39:31;2017-12-09 22:39:31
471;1;471;2013-01-01;NULL;NULL;NULL;1;2017-12-09 22:39:31;2017-12-09 22:39:31
472;14;472;2014-09-17;NULL;NULL;NULL;1;2017-12-09 22:39:31;2017-12-09 22:39:31
476;8;476;2014-09-28;NULL;NULL;NULL;1;2017-12-09 22:39:31;2017-12-09 22:39:31
477;50;477;2014-08-25;NULL;NULL;NULL;1;2017-12-09 22:39:31;2017-12-09 22:39:31
481;9;481;2015-02-03;NULL;NULL;NULL;1;2017-12-09 22:39:31;2017-12-09 22:39:31
482;47;482;2014-01-01;NULL;NULL;NULL;1;2017-12-09 22:39:31;2017-12-09 22:39:31
484;63;484;2015-01-01;NULL;NULL;NULL;1;2017-12-09 22:39:31;2017-12-09 22:39:31
485;14;485;2015-05-12;2017-01-05;NULL;NULL;1;2017-12-09 22:39:31;2017-12-09 22:39:31
486;16;486;2015-01-01;NULL;NULL;NULL;1;2017-12-09 22:39:31;2017-12-09 22:39:31
487;46;487;2014-01-01;NULL;NULL;NULL;1;2017-12-09 22:39:31;2017-12-09 22:39:31
488;15;488;2012-02-01;NULL;NULL;NULL;1;2017-12-09 22:39:31;2017-12-09 22:39:31
490;47;490;2014-01-01;NULL;NULL;NULL;1;2017-12-09 22:39:31;2017-12-09 22:39:31
492;8;492;2014-02-10;NULL;NULL;NULL;1;2017-12-09 22:39:31;2017-12-09 22:39:31
494;67;494;2016-01-01;NULL;NULL;NULL;1;2017-12-09 22:39:31;2017-12-09 22:39:31
495;67;495;2016-01-01;NULL;NULL;NULL;1;2017-12-09 22:39:31;2017-12-09 22:39:31
496;68;496;2016-01-01;NULL;NULL;NULL;1;2017-12-09 22:39:31;2017-12-09 22:39:31
497;68;497;2016-01-01;NULL;NULL;NULL;1;2017-12-09 22:39:31;2017-12-09 22:39:31
498;68;498;2016-01-01;NULL;NULL;NULL;1;2017-12-09 22:39:31;2017-12-09 22:39:31
499;68;499;2016-01-01;NULL;NULL;NULL;1;2017-12-09 22:39:31;2017-12-09 22:39:31
500;46;500;2015-10-12;NULL;NULL;NULL;1;2017-12-09 22:39:31;2017-12-09 22:39:31
501;16;501;2015-01-01;NULL;NULL;NULL;1;2017-12-09 22:39:31;2017-12-09 22:39:31
502;16;502;2016-01-01;NULL;NULL;NULL;1;2017-12-09 22:39:31;2017-12-09 22:39:31
503;16;503;2015-01-01;NULL;NULL;NULL;1;2017-12-09 22:39:31;2017-12-09 22:39:31
504;16;504;2015-01-01;NULL;NULL;NULL;1;2017-12-09 22:39:31;2017-12-09 22:39:31
505;16;505;2015-01-01;NULL;NULL;NULL;1;2017-12-09 22:39:31;2017-12-09 22:39:31
506;53;506;2014-01-01;NULL;NULL;NULL;1;2017-12-09 22:39:31;2017-12-09 22:39:31
507;53;507;2014-02-16;NULL;NULL;NULL;1;2017-12-09 22:39:31;2017-12-09 22:39:31
508;12;508;2014-10-01;NULL;NULL;NULL;1;2017-12-09 22:39:31;2017-12-09 22:39:31
509;12;509;2015-05-19;NULL;NULL;NULL;1;2017-12-09 22:39:31;2017-12-09 22:39:31
510;69;510;2016-01-01;NULL;NULL;NULL;1;2017-12-09 22:39:31;2017-12-09 22:39:31
511;69;511;2016-01-01;NULL;NULL;NULL;1;2017-12-09 22:39:31;2017-12-09 22:39:31
512;69;512;2016-01-01;NULL;NULL;NULL;1;2017-12-09 22:39:31;2017-12-09 22:39:31
513;69;513;2016-01-01;NULL;NULL;NULL;1;2017-12-09 22:39:31;2017-12-09 22:39:31
515;47;515;2014-07-07;NULL;NULL;NULL;1;2017-12-09 22:39:31;2017-12-09 22:39:31
516;47;516;2016-01-26;NULL;NULL;NULL;1;2017-12-09 22:39:31;2017-12-09 22:39:31
518;16;518;2015-01-01;NULL;NULL;NULL;1;2017-12-09 22:39:31;2017-12-09 22:39:31
519;2;519;2014-06-07;NULL;NULL;NULL;1;2017-12-09 22:39:31;2017-12-09 22:39:31
520;68;520;2016-01-01;NULL;NULL;NULL;1;2017-12-09 22:39:31;2017-12-09 22:39:31
522;70;522;2016-01-01;2017-01-05;NULL;NULL;1;2017-12-09 22:39:31;2017-12-09 22:39:31
523;70;523;2016-01-01;NULL;NULL;NULL;1;2017-12-09 22:39:31;2017-12-09 22:39:31
524;9;524;2015-08-31;NULL;NULL;NULL;1;2017-12-09 22:39:31;2017-12-09 22:39:31
525;14;525;2013-01-01;NULL;NULL;NULL;1;2017-12-09 22:39:31;2017-12-09 22:39:31
526;67;526;2016-02-18;2016-05-29;NULL;NULL;1;2017-12-09 22:39:31;2017-12-09 22:39:31
527;8;527;2016-02-15;NULL;NULL;NULL;1;2017-12-09 22:39:31;2017-12-09 22:39:31
528;8;528;2016-02-10;NULL;NULL;NULL;1;2017-12-09 22:39:31;2017-12-09 22:39:31
529;63;529;2015-01-01;NULL;NULL;NULL;1;2017-12-09 22:39:31;2017-12-09 22:39:31
530;63;530;2015-01-01;NULL;NULL;NULL;1;2017-12-09 22:39:31;2017-12-09 22:39:31
531;63;531;2015-02-11;NULL;NULL;NULL;1;2017-12-09 22:39:31;2017-12-09 22:39:31
532;2;532;2016-02-23;NULL;NULL;NULL;1;2017-12-09 22:39:31;2017-12-09 22:39:31
534;70;534;2016-01-01;NULL;NULL;NULL;1;2017-12-09 22:39:31;2017-12-09 22:39:31
535;70;535;2016-01-01;NULL;NULL;NULL;1;2017-12-09 22:39:31;2017-12-09 22:39:31
536;46;536;2015-02-17;NULL;NULL;NULL;1;2017-12-09 22:39:31;2017-12-09 22:39:31
537;69;537;2016-01-01;NULL;NULL;NULL;1;2017-12-09 22:39:31;2017-12-09 22:39:31
538;69;538;2016-03-13;NULL;NULL;NULL;1;2017-12-09 22:39:31;2017-12-09 22:39:31
539;70;539;2016-01-01;NULL;NULL;NULL;1;2017-12-09 22:39:31;2017-12-09 22:39:31
540;70;540;2016-01-01;NULL;NULL;NULL;1;2017-12-09 22:39:31;2017-12-09 22:39:31
541;70;541;2016-01-01;NULL;NULL;NULL;1;2017-12-09 22:39:31;2017-12-09 22:39:31
544;50;544;2016-01-28;NULL;NULL;NULL;1;2017-12-09 22:39:31;2017-12-09 22:39:31
545;2;545;2014-11-06;NULL;NULL;NULL;1;2017-12-09 22:39:31;2017-12-09 22:39:31
546;14;546;2013-01-01;NULL;NULL;NULL;1;2017-12-09 22:39:31;2017-12-09 22:39:31
547;9;547;2015-10-20;NULL;NULL;NULL;1;2017-12-09 22:39:31;2017-12-09 22:39:31
548;72;548;2017-01-01;NULL;NULL;NULL;1;2017-12-09 22:39:31;2017-12-09 22:39:31
549;70;549;2016-01-01;NULL;NULL;NULL;1;2017-12-09 22:39:31;2017-12-09 22:39:31
555;2;555;2014-05-02;NULL;NULL;NULL;1;2017-12-09 22:39:31;2017-12-09 22:39:31
556;2;556;2015-03-31;NULL;NULL;NULL;1;2017-12-09 22:39:31;2017-12-09 22:39:31
557;2;557;2015-01-20;NULL;NULL;NULL;1;2017-12-09 22:39:31;2017-12-09 22:39:31
558;2;558;2014-03-01;NULL;NULL;NULL;1;2017-12-09 22:39:31;2017-12-09 22:39:31
559;63;559;2016-01-24;NULL;NULL;NULL;1;2017-12-09 22:39:31;2017-12-09 22:39:31
563;67;563;2016-01-01;NULL;NULL;NULL;1;2017-12-09 22:39:31;2017-12-09 22:39:31
564;67;564;2016-01-01;NULL;NULL;NULL;1;2017-12-09 22:39:31;2017-12-09 22:39:31
566;16;566;2015-01-01;NULL;NULL;NULL;1;2017-12-09 22:39:31;2017-12-09 22:39:31
567;47;567;2015-04-16;NULL;NULL;NULL;1;2017-12-09 22:39:31;2017-12-09 22:39:31
568;68;568;2016-01-01;NULL;NULL;NULL;1;2017-12-09 22:39:31;2017-12-09 22:39:31
569;68;569;2016-01-01;NULL;NULL;NULL;1;2017-12-09 22:39:31;2017-12-09 22:39:31
570;68;570;2016-01-01;NULL;NULL;NULL;1;2017-12-09 22:39:31;2017-12-09 22:39:31
571;15;571;2014-06-10;NULL;NULL;NULL;1;2017-12-09 22:39:31;2017-12-09 22:39:31
572;47;572;2014-03-05;NULL;NULL;NULL;1;2017-12-09 22:39:31;2017-12-09 22:39:31
573;16;573;2015-01-01;NULL;NULL;NULL;1;2017-12-09 22:39:31;2017-12-09 22:39:31
574;67;574;2016-01-01;NULL;NULL;NULL;1;2017-12-09 22:39:31;2017-12-09 22:39:31
575;8;575;2015-10-27;NULL;NULL;NULL;1;2017-12-09 22:39:31;2017-12-09 22:39:31
576;16;576;2015-03-11;NULL;NULL;NULL;1;2017-12-09 22:39:31;2017-12-09 22:39:31
579;70;579;2016-01-01;NULL;NULL;NULL;1;2017-12-09 22:39:31;2017-12-09 22:39:31
580;70;580;2016-01-01;NULL;NULL;NULL;1;2017-12-09 22:39:31;2017-12-09 22:39:31
581;70;581;2016-01-01;NULL;NULL;NULL;1;2017-12-09 22:39:31;2017-12-09 22:39:31
582;2;582;2016-04-19;NULL;NULL;NULL;1;2017-12-09 22:39:31;2017-12-09 22:39:31
583;2;583;2016-04-27;2016-09-06;NULL;NULL;1;2017-12-09 22:39:31;2017-12-09 22:39:31
584;70;584;2016-01-01;NULL;NULL;NULL;1;2017-12-09 22:39:31;2017-12-09 22:39:31
585;16;585;2015-08-01;NULL;NULL;NULL;1;2017-12-09 22:39:31;2017-12-09 22:39:31
586;16;586;2016-01-01;NULL;NULL;NULL;1;2017-12-09 22:39:31;2017-12-09 22:39:31
588;4;588;2013-09-02;NULL;NULL;NULL;1;2017-12-09 22:39:31;2017-12-09 22:39:31
591;53;591;2014-01-01;NULL;NULL;NULL;1;2017-12-09 22:39:31;2017-12-09 22:39:31
592;53;592;2014-01-01;NULL;NULL;NULL;1;2017-12-09 22:39:31;2017-12-09 22:39:31
593;53;593;2015-11-09;NULL;NULL;NULL;1;2017-12-09 22:39:31;2017-12-09 22:39:31
594;53;594;2014-01-01;NULL;NULL;NULL;1;2017-12-09 22:39:31;2017-12-09 22:39:31
595;70;595;2016-01-01;NULL;NULL;NULL;1;2017-12-09 22:39:31;2017-12-09 22:39:31
596;63;596;2015-01-01;NULL;NULL;NULL;1;2017-12-09 22:39:31;2017-12-09 22:39:31
597;4;597;2013-03-30;2017-01-05;NULL;NULL;1;2017-12-09 22:39:31;2017-12-09 22:39:31
598;4;598;2015-08-05;2017-01-05;NULL;NULL;1;2017-12-09 22:39:31;2017-12-09 22:39:31
599;50;599;2016-04-07;NULL;NULL;NULL;1;2017-12-09 22:39:31;2017-12-09 22:39:31
604;69;604;2016-01-01;NULL;NULL;NULL;1;2017-12-09 22:39:31;2017-12-09 22:39:31
605;12;605;2014-03-06;NULL;NULL;NULL;1;2017-12-09 22:39:31;2017-12-09 22:39:31
608;12;608;2016-02-11;NULL;NULL;NULL;1;2017-12-09 22:39:31;2017-12-09 22:39:31
609;69;609;2016-01-01;NULL;NULL;NULL;1;2017-12-09 22:39:31;2017-12-09 22:39:31
610;69;610;2016-01-01;NULL;NULL;NULL;1;2017-12-09 22:39:31;2017-12-09 22:39:31
611;50;611;2013-10-12;NULL;NULL;NULL;1;2017-12-09 22:39:31;2017-12-09 22:39:31
613;47;613;2014-01-01;NULL;NULL;NULL;1;2017-12-09 22:39:31;2017-12-09 22:39:31
614;47;614;2014-01-01;NULL;NULL;NULL;1;2017-12-09 22:39:31;2017-12-09 22:39:31
617;47;617;2015-09-29;NULL;NULL;NULL;1;2017-12-09 22:39:31;2017-12-09 22:39:31
618;9;618;2014-01-01;NULL;NULL;NULL;1;2017-12-09 22:39:31;2017-12-09 22:39:31
619;46;619;2014-07-24;NULL;NULL;NULL;1;2017-12-09 22:39:31;2017-12-09 22:39:31
620;14;620;2015-11-08;NULL;NULL;NULL;1;2017-12-09 22:39:31;2017-12-09 22:39:31
621;67;621;2016-01-01;NULL;NULL;NULL;1;2017-12-09 22:39:31;2017-12-09 22:39:31
622;67;622;2016-03-14;NULL;NULL;NULL;1;2017-12-09 22:39:31;2017-12-09 22:39:31
623;8;623;2015-02-26;NULL;NULL;NULL;1;2017-12-09 22:39:31;2017-12-09 22:39:31
624;8;624;2016-02-24;NULL;NULL;NULL;1;2017-12-09 22:39:31;2017-12-09 22:39:31
625;69;625;2016-02-15;NULL;NULL;NULL;1;2017-12-09 22:39:31;2017-12-09 22:39:31
627;70;627;2016-01-01;NULL;NULL;NULL;1;2017-12-09 22:39:31;2017-12-09 22:39:31
628;46;628;2016-02-20;NULL;NULL;NULL;1;2017-12-09 22:39:31;2017-12-09 22:39:31
629;46;629;2014-04-01;NULL;NULL;NULL;1;2017-12-09 22:39:31;2017-12-09 22:39:31
630;2;630;2014-01-01;2017-09-17;NULL;NULL;1;2017-12-09 22:39:31;2017-12-09 22:39:31
632;70;632;2016-01-01;NULL;NULL;NULL;1;2017-12-09 22:39:31;2017-12-09 22:39:31
633;46;633;2016-06-09;NULL;NULL;NULL;1;2017-12-09 22:39:31;2017-12-09 22:39:31
634;14;634;2016-09-21;NULL;NULL;NULL;1;2017-12-09 22:39:31;2017-12-09 22:39:31
635;47;635;2016-06-16;NULL;NULL;NULL;1;2017-12-09 22:39:31;2017-12-09 22:39:31
636;68;636;2016-06-09;NULL;NULL;NULL;1;2017-12-09 22:39:31;2017-12-09 22:39:31
640;16;640;2016-06-02;NULL;NULL;NULL;1;2017-12-09 22:39:31;2017-12-09 22:39:31
641;67;641;2016-07-27;2017-02-17;NULL;NULL;1;2017-12-09 22:39:31;2017-12-09 22:39:31
642;68;642;2016-01-01;NULL;NULL;NULL;1;2017-12-09 22:39:31;2017-12-09 22:39:31
643;16;643;2016-02-11;NULL;NULL;NULL;1;2017-12-09 22:39:31;2017-12-09 22:39:31
644;16;644;2016-11-02;NULL;NULL;NULL;1;2017-12-09 22:39:31;2017-12-09 22:39:31
645;2;645;2016-10-30;2017-03-14;NULL;NULL;1;2017-12-09 22:39:31;2017-12-09 22:39:31
646;4;646;2016-10-25;NULL;NULL;NULL;1;2017-12-09 22:39:31;2017-12-09 22:39:31
649;67;649;2017-02-27;NULL;NULL;NULL;1;2017-12-09 22:39:31;2017-12-09 22:39:31
650;69;650;2017-03-02;NULL;NULL;NULL;1;2017-12-09 22:39:31;2017-12-09 22:39:31
651;68;651;2016-01-25;NULL;NULL;NULL;1;2017-12-09 22:39:31;2017-12-09 22:39:31
652;14;652;2017-01-12;NULL;NULL;NULL;1;2017-12-09 22:39:31;2017-12-09 22:39:31
653;67;653;2017-03-03;NULL;NULL;NULL;1;2017-12-09 22:39:31;2017-12-09 22:39:31
654;14;654;2015-05-28;NULL;NULL;NULL;1;2017-12-09 22:39:31;2017-12-09 22:39:31
655;73;655;2017-01-01;NULL;NULL;NULL;1;2017-12-09 22:39:31;2017-12-09 22:39:31
656;73;656;2017-01-01;NULL;NULL;NULL;1;2017-12-09 22:39:31;2017-12-09 22:39:31
657;73;657;2017-01-01;NULL;NULL;NULL;1;2017-12-09 22:39:31;2017-12-09 22:39:31
658;73;658;2017-01-01;NULL;NULL;NULL;1;2017-12-09 22:39:31;2017-12-09 22:39:31
659;74;659;2017-02-06;NULL;NULL;NULL;1;2017-12-09 22:39:31;2017-12-09 22:39:31
660;74;660;2017-02-06;NULL;NULL;NULL;1;2017-12-09 22:39:31;2017-12-09 22:39:31
661;74;661;2017-02-06;NULL;NULL;NULL;1;2017-12-09 22:39:31;2017-12-09 22:39:31
662;74;662;2017-02-06;NULL;NULL;NULL;1;2017-12-09 22:39:31;2017-12-09 22:39:31
663;74;663;2017-02-06;NULL;NULL;NULL;1;2017-12-09 22:39:31;2017-12-09 22:39:31
664;8;664;2014-04-17;NULL;NULL;NULL;1;2017-12-09 22:39:31;2017-12-09 22:39:31
666;2;666;2016-08-25;NULL;NULL;NULL;1;2017-12-09 22:39:31;2017-12-09 22:39:31
667;2;667;2016-11-15;NULL;NULL;NULL;1;2017-12-09 22:39:31;2017-12-09 22:39:31
668;74;668;2017-02-06;NULL;NULL;NULL;1;2017-12-09 22:39:31;2017-12-09 22:39:31
669;76;669;2017-03-08;NULL;NULL;NULL;1;2017-12-09 22:39:31;2017-12-09 22:39:31
670;76;670;2017-01-01;NULL;NULL;NULL;1;2017-12-09 22:39:31;2017-12-09 22:39:31
671;4;671;2016-10-25;NULL;NULL;NULL;1;2017-12-09 22:39:31;2017-12-09 22:39:31
672;67;672;2016-09-03;NULL;NULL;NULL;1;2017-12-09 22:39:31;2017-12-09 22:39:31
674;8;674;2017-02-08;NULL;NULL;NULL;1;2017-12-09 22:39:31;2017-12-09 22:39:31
675;76;675;2017-01-01;NULL;NULL;NULL;1;2017-12-09 22:39:31;2017-12-09 22:39:31
676;76;676;2017-03-08;NULL;NULL;NULL;1;2017-12-09 22:39:31;2017-12-09 22:39:31
677;2;677;2016-09-02;NULL;NULL;NULL;1;2017-12-09 22:39:31;2017-12-09 22:39:31
678;73;678;2017-01-01;NULL;NULL;NULL;1;2017-12-09 22:39:31;2017-12-09 22:39:31
679;70;679;2016-01-01;NULL;NULL;NULL;1;2017-12-09 22:39:31;2017-12-09 22:39:31
680;4;680;2017-02-17;NULL;NULL;NULL;1;2017-12-09 22:39:31;2017-12-09 22:39:31
681;15;681;2014-06-04;NULL;NULL;NULL;1;2017-12-09 22:39:31;2017-12-09 22:39:31
682;73;682;2017-01-01;NULL;NULL;NULL;1;2017-12-09 22:39:31;2017-12-09 22:39:31
683;73;683;2017-01-01;NULL;NULL;NULL;1;2017-12-09 22:39:31;2017-12-09 22:39:31
684;14;684;2017-03-19;NULL;NULL;NULL;1;2017-12-09 22:39:31;2017-12-09 22:39:31
685;74;685;2017-03-08;NULL;NULL;NULL;1;2017-12-09 22:39:31;2017-12-09 22:39:31
687;69;687;2016-01-01;NULL;NULL;NULL;1;2017-12-09 22:39:31;2017-12-09 22:39:31
688;15;688;2014-08-25;NULL;NULL;NULL;1;2017-12-09 22:39:31;2017-12-09 22:39:31
689;12;689;2017-03-09;NULL;NULL;NULL;1;2017-12-09 22:39:31;2017-12-09 22:39:31
690;15;690;2014-08-19;NULL;NULL;NULL;1;2017-12-09 22:39:31;2017-12-09 22:39:31
691;14;691;2016-09-19;NULL;NULL;NULL;1;2017-12-09 22:39:31;2017-12-09 22:39:31
692;46;692;2017-04-08;NULL;NULL;NULL;1;2017-12-09 22:39:31;2017-12-09 22:39:31
693;68;693;2017-04-15;NULL;NULL;NULL;1;2017-12-09 22:39:31;2017-12-09 22:39:31
694;69;694;2016-01-01;NULL;NULL;NULL;1;2017-12-09 22:39:31;2017-12-09 22:39:31
695;74;695;2017-04-24;NULL;NULL;NULL;1;2017-12-09 22:39:31;2017-12-09 22:39:31
696;46;696;2014-01-01;NULL;NULL;NULL;1;2017-12-09 22:39:31;2017-12-09 22:39:31
697;69;697;2016-05-08;NULL;NULL;NULL;1;2017-12-09 22:39:31;2017-12-09 22:39:31
698;2;698;2017-03-21;NULL;NULL;NULL;1;2017-12-09 22:39:31;2017-12-09 22:39:31
700;68;700;2017-01-01;NULL;NULL;NULL;1;2017-12-09 22:39:31;2017-12-09 22:39:31
701;8;701;2017-05-02;NULL;NULL;NULL;1;2017-12-09 22:39:31;2017-12-09 22:39:31
702;8;702;2014-01-01;NULL;NULL;NULL;1;2017-12-09 22:39:31;2017-12-09 22:39:31
703;8;703;2016-03-04;NULL;NULL;NULL;1;2017-12-09 22:39:31;2017-12-09 22:39:31
704;73;704;2017-01-01;NULL;NULL;NULL;1;2017-12-09 22:39:31;2017-12-09 22:39:31
705;76;705;2017-01-01;NULL;NULL;NULL;1;2017-12-09 22:39:31;2017-12-09 22:39:31
706;76;706;2017-03-01;NULL;NULL;NULL;1;2017-12-09 22:39:31;2017-12-09 22:39:31
707;76;707;2017-01-01;NULL;NULL;NULL;1;2017-12-09 22:39:31;2017-12-09 22:39:31
708;76;708;2017-01-01;NULL;NULL;NULL;1;2017-12-09 22:39:31;2017-12-09 22:39:31
709;16;709;2017-04-04;NULL;NULL;NULL;1;2017-12-09 22:39:31;2017-12-09 22:39:31
710;72;710;2017-01-01;NULL;NULL;NULL;1;2017-12-09 22:39:31;2017-12-09 22:39:31
712;69;712;2017-05-29;NULL;NULL;NULL;1;2017-12-09 22:39:31;2017-12-09 22:39:31
713;2;713;2017-04-13;NULL;NULL;NULL;1;2017-12-09 22:39:31;2017-12-09 22:39:31
714;2;714;2017-03-18;NULL;NULL;NULL;1;2017-12-09 22:39:31;2017-12-09 22:39:31
715;76;715;2017-01-01;NULL;NULL;NULL;1;2017-12-09 22:39:31;2017-12-09 22:39:31
716;50;716;2017-01-16;NULL;NULL;NULL;1;2017-12-09 22:39:31;2017-12-09 22:39:31
717;2;717;2017-03-14;2017-09-17;NULL;NULL;1;2017-12-09 22:39:31;2017-12-09 22:39:31
718;69;718;2017-03-07;NULL;NULL;NULL;1;2017-12-09 22:39:31;2017-12-09 22:39:31
719;16;719;2017-01-19;NULL;NULL;NULL;1;2017-12-09 22:39:31;2017-12-09 22:39:31
720;68;720;2017-05-29;NULL;NULL;NULL;1;2017-12-09 22:39:31;2017-12-09 22:39:31
721;70;721;2016-01-01;NULL;NULL;NULL;1;2017-12-09 22:39:31;2017-12-09 22:39:31
722;70;722;2016-01-01;NULL;NULL;NULL;1;2017-12-09 22:39:31;2017-12-09 22:39:31
723;74;723;2017-02-06;NULL;NULL;NULL;1;2017-12-09 22:39:31;2017-12-09 22:39:31
724;73;724;2017-01-01;NULL;NULL;NULL;1;2017-12-09 22:39:31;2017-12-09 22:39:31
725;73;725;2017-01-01;NULL;NULL;NULL;1;2017-12-09 22:39:31;2017-12-09 22:39:31
726;47;726;2014-01-01;NULL;NULL;NULL;1;2017-12-09 22:39:31;2017-12-09 22:39:31
727;74;727;2017-05-04;NULL;NULL;NULL;1;2017-12-09 22:39:31;2017-12-09 22:39:31
729;74;729;2017-02-06;NULL;NULL;NULL;1;2017-12-09 22:39:31;2017-12-09 22:39:31
730;73;730;2017-01-01;NULL;NULL;NULL;1;2017-12-09 22:39:31;2017-12-09 22:39:31
731;2;731;2017-03-14;NULL;NULL;NULL;1;2017-12-09 22:39:31;2017-12-09 22:39:31
732;4;732;2013-06-05;NULL;NULL;NULL;1;2017-12-09 22:39:31;2017-12-09 22:39:31
734;12;734;2015-02-25;NULL;NULL;NULL;1;2017-12-09 22:39:31;2017-12-09 22:39:31
735;14;735;2016-03-05;NULL;NULL;NULL;1;2017-12-09 22:39:31;2017-12-09 22:39:31
736;14;736;2017-06-18;NULL;NULL;NULL;1;2017-12-09 22:39:31;2017-12-09 22:39:31
737;47;737;2016-04-25;NULL;NULL;NULL;1;2017-12-09 22:39:31;2017-12-09 22:39:31
738;74;738;2017-03-23;NULL;NULL;NULL;1;2017-12-09 22:39:31;2017-12-09 22:39:31
739;74;739;2017-02-06;NULL;NULL;NULL;1;2017-12-09 22:39:31;2017-12-09 22:39:31
740;74;740;2017-05-21;NULL;NULL;NULL;1;2017-12-09 22:39:31;2017-12-09 22:39:31
741;67;741;2017-05-12;NULL;NULL;NULL;1;2017-12-09 22:39:31;2017-12-09 22:39:31
742;50;742;2017-06-18;NULL;NULL;NULL;1;2017-12-09 22:39:31;2017-12-09 22:39:31
743;46;743;2017-03-24;NULL;NULL;NULL;1;2017-12-09 22:39:31;2017-12-09 22:39:31
744;76;744;2017-01-12;NULL;NULL;NULL;1;2017-12-09 22:39:31;2017-12-09 22:39:31
745;76;745;2017-01-01;NULL;NULL;NULL;1;2017-12-09 22:39:31;2017-12-09 22:39:31
746;76;746;2017-07-10;NULL;NULL;NULL;1;2017-12-09 22:39:31;2017-12-09 22:39:31
747;76;747;2017-07-10;NULL;NULL;NULL;1;2017-12-09 22:39:31;2017-12-09 22:39:31
748;16;748;2017-07-14;NULL;NULL;NULL;1;2017-12-09 22:39:31;2017-12-09 22:39:31
749;50;749;2017-03-23;NULL;NULL;NULL;1;2017-12-09 22:39:31;2017-12-09 22:39:31
750;16;750;2016-12-27;NULL;NULL;NULL;1;2017-12-09 22:39:31;2017-12-09 22:39:31
754;16;754;2017-07-17;NULL;NULL;NULL;1;2017-12-09 22:39:31;2017-12-09 22:39:31
755;16;755;2017-03-12;NULL;NULL;NULL;1;2017-12-09 22:39:31;2017-12-09 22:39:31
756;76;756;2017-01-01;NULL;NULL;NULL;1;2017-12-09 22:39:31;2017-12-09 22:39:31
757;76;757;2017-08-28;NULL;NULL;NULL;1;2017-12-09 22:39:31;2017-12-09 22:39:31
758;67;758;2016-01-01;NULL;NULL;NULL;1;2017-12-09 22:39:31;2017-12-09 22:39:31
759;46;759;2017-03-24;NULL;NULL;NULL;1;2017-12-09 22:39:31;2017-12-09 22:39:31
760;2;760;2017-09-01;NULL;NULL;NULL;1;2017-12-09 22:39:31;2017-12-09 22:39:31
761;2;761;2017-03-21;NULL;NULL;NULL;1;2017-12-09 22:39:31;2017-12-09 22:39:31
762;74;762;2017-05-04;NULL;NULL;NULL;1;2017-12-09 22:39:31;2017-12-09 22:39:31
764;73;764;2017-07-30;NULL;NULL;NULL;1;2017-12-09 22:39:31;2017-12-09 22:39:31
765;2;765;2017-04-13;NULL;NULL;NULL;1;2017-12-09 22:39:31;2017-12-09 22:39:31
766;68;766;2017-03-20;NULL;NULL;NULL;1;2017-12-09 22:39:31;2017-12-09 22:39:31
767;46;767;2017-05-22;NULL;NULL;NULL;1;2017-12-09 22:39:31;2017-12-09 22:39:31
768;73;768;2017-01-01;NULL;NULL;NULL;1;2017-12-09 22:39:31;2017-12-09 22:39:31
769;73;769;2017-01-01;NULL;NULL;NULL;1;2017-12-09 22:39:31;2017-12-09 22:39:31
770;67;770;2017-10-03;NULL;NULL;NULL;1;2017-12-09 22:39:31;2017-12-09 22:39:31
771;68;771;2017-09-13;NULL;NULL;NULL;1;2017-12-09 22:39:31;2017-12-09 22:39:31
772;47;772;2017-10-04;NULL;NULL;NULL;1;2017-12-09 22:39:31;2017-12-09 22:39:31
773;2;773;2017-07-22;NULL;NULL;NULL;1;2017-12-09 22:39:31;2017-12-09 22:39:31
774;2;774;2017-07-18;NULL;NULL;NULL;1;2017-12-09 22:39:31;2017-12-09 22:39:31
775;2;775;2017-10-17;NULL;NULL;NULL;1;2017-12-09 22:39:31;2017-12-09 22:39:31
776;16;776;2017-10-26;NULL;NULL;NULL;1;2017-12-09 22:39:31;2017-12-09 22:39:31
777;74;777;2017-01-01;NULL;NULL;NULL;1;2017-12-09 22:39:31;2017-12-09 22:39:31
778;70;778;2017-09-09;NULL;NULL;NULL;1;2017-12-09 22:39:31;2017-12-09 22:39:31
779;8;779;2016-09-01;NULL;NULL;NULL;1;2017-12-09 22:39:31;2017-12-09 22:39:31
780;70;780;2016-01-01;NULL;NULL;NULL;1;2017-12-09 22:39:31;2017-12-09 22:39:31
781;63;781;2016-02-11;NULL;NULL;NULL;1;2017-12-09 22:39:31;2017-12-09 22:39:31
782;12;782;2016-04-22;NULL;NULL;NULL;1;2017-12-09 22:39:31;2017-12-09 22:39:31
783;50;783;2014-04-04;NULL;NULL;NULL;1;2017-12-09 22:39:31;2017-12-09 22:39:31
784;70;784;2016-01-01;NULL;NULL;NULL;1;2017-12-09 22:39:31;2017-12-09 22:39:31
785;70;785;2016-01-01;NULL;NULL;NULL;1;2017-12-09 22:39:31;2017-12-09 22:39:31
786;76;786;2017-03-08;NULL;NULL;NULL;1;2017-12-09 22:39:31;2017-12-09 22:39:31
787;2;787;2017-08-04;NULL;NULL;NULL;1;2017-12-09 22:39:31;2017-12-09 22:39:31
788;63;788;2016-08-24;NULL;NULL;NULL;1;2017-12-09 22:39:31;2017-12-09 22:39:31
789;53;789;2014-05-23;2017-01-05;NULL;NULL;1;2017-12-09 22:39:31;2017-12-09 22:39:31
790;67;790;2016-04-26;NULL;NULL;NULL;1;2017-12-09 22:39:31;2017-12-09 22:39:31
791;67;791;1998-08-04;NULL;NULL;NULL;1;2017-12-09 22:39:31;2017-12-09 22:39:31
792;46;792;2015-02-17;NULL;NULL;NULL;1;2017-12-09 22:39:31;2017-12-09 22:39:31
793;16;793;2015-01-01;NULL;NULL;NULL;1;2017-12-09 22:39:31;2017-12-09 22:39:31
794;69;794;2017-05-29;NULL;NULL;NULL;1;2017-12-09 22:39:31;2017-12-09 22:39:31
795;44;795;2015-09-23;NULL;NULL;NULL;1;2017-12-09 22:39:31;2017-12-09 22:39:31
796;68;796;2016-01-01;NULL;NULL;NULL;1;2017-12-09 22:39:31;2017-12-09 22:39:31
797;70;797;2017-01-01;NULL;NULL;NULL;1;2017-12-09 22:39:31;2017-12-09 22:39:31
798;47;798;2017-06-18;NULL;NULL;NULL;1;2017-12-09 22:39:31;2017-12-09 22:39:31
799;75;799;2017-01-01;NULL;NULL;NULL;1;2017-12-09 22:39:31;2017-12-09 22:39:31
800;70;800;2017-09-17;NULL;NULL;NULL;1;2017-12-09 22:39:31;2017-12-09 22:39:31
801;76;801;2017-01-01;NULL;NULL;NULL;1;2017-12-09 22:39:31;2017-12-09 22:39:31
802;63;802;2015-01-01;NULL;NULL;NULL;1;2017-12-09 22:39:31;2017-12-09 22:39:31
803;76;803;2017-03-08;NULL;NULL;NULL;1;2017-12-09 22:39:31;2017-12-09 22:39:31
804;63;804;2015-01-01;NULL;NULL;NULL;1;2017-12-09 22:39:31;2017-12-09 22:39:31
805;70;805;2016-01-01;NULL;NULL;NULL;1;2017-12-09 22:39:31;2017-12-09 22:39:31
806;46;806;2015-09-08;NULL;NULL;NULL;1;2017-12-09 22:39:31;2017-12-09 22:39:31
807;72;807;2017-01-01;NULL;NULL;NULL;1;2017-12-09 22:39:31;2017-12-09 22:39:31
808;72;808;2017-01-01;NULL;NULL;NULL;1;2017-12-09 22:39:31;2017-12-09 22:39:31
809;63;809;2015-01-01;NULL;NULL;NULL;1;2017-12-09 22:39:31;2017-12-09 22:39:31
810;67;810;2016-01-01;NULL;NULL;NULL;1;2017-12-09 22:39:31;2017-12-09 22:39:31
811;72;811;2017-01-01;NULL;NULL;NULL;1;2017-12-09 22:39:31;2017-12-09 22:39:31
812;16;812;2016-05-09;NULL;NULL;NULL;1;2017-12-09 22:39:31;2017-12-09 22:39:31
813;9;813;2014-04-15;NULL;NULL;NULL;1;2017-12-09 22:39:31;2017-12-09 22:39:31
814;53;814;2014-01-01;NULL;NULL;NULL;1;2017-12-09 22:39:31;2017-12-09 22:39:31
815;69;815;2016-01-01;NULL;NULL;NULL;1;2017-12-09 22:39:31;2017-12-09 22:39:31
816;68;816;2016-01-01;NULL;NULL;NULL;1;2017-12-09 22:39:31;2017-12-09 22:39:31
817;9;817;2014-01-01;NULL;NULL;NULL;1;2017-12-09 22:39:31;2017-12-09 22:39:31
818;8;818;2017-07-05;NULL;NULL;NULL;1;2017-12-09 22:39:31;2017-12-09 22:39:31
819;68;819;2016-01-01;NULL;NULL;NULL;1;2017-12-09 22:39:31;2017-12-09 22:39:31
820;9;820;2017-05-10;NULL;NULL;NULL;1;2017-12-09 22:39:31;2017-12-09 22:39:31
821;72;821;2017-01-01;NULL;NULL;NULL;1;2017-12-09 22:39:31;2017-12-09 22:39:31
822;75;822;2017-01-01;NULL;NULL;NULL;1;2017-12-09 22:39:31;2017-12-09 22:39:31
823;44;823;2017-08-25;NULL;NULL;NULL;1;2017-12-09 22:39:31;2017-12-09 22:39:31
824;44;824;2015-09-01;NULL;NULL;NULL;1;2017-12-09 22:39:31;2017-12-09 22:39:31
825;76;825;2017-01-18;NULL;NULL;NULL;1;2017-12-09 22:39:31;2017-12-09 22:39:31
826;76;826;2017-01-01;NULL;NULL;NULL;1;2017-12-09 22:39:31;2017-12-09 22:39:31
827;16;827;2015-01-01;NULL;NULL;NULL;1;2017-12-09 22:39:31;2017-12-09 22:39:31
828;9;828;2017-01-24;NULL;NULL;NULL;1;2017-12-09 22:39:31;2017-12-09 22:39:31
829;4;829;2016-10-25;NULL;NULL;NULL;1;2017-12-09 22:39:31;2017-12-09 22:39:31
830;50;830;2014-02-25;NULL;NULL;NULL;1;2017-12-09 22:39:31;2017-12-09 22:39:31
831;53;831;2017-08-28;NULL;NULL;NULL;1;2017-12-09 22:39:31;2017-12-09 22:39:31
832;70;832;2016-01-01;NULL;NULL;NULL;1;2017-12-09 22:39:31;2017-12-09 22:39:31
833;12;833;2014-03-06;NULL;NULL;NULL;1;2017-12-09 22:39:31;2017-12-09 22:39:31
834;16;834;2017-06-09;NULL;NULL;NULL;1;2017-12-09 22:39:31;2017-12-09 22:39:31
835;70;835;2016-01-01;NULL;NULL;NULL;1;2017-12-09 22:39:31;2017-12-09 22:39:31
836;53;836;2017-06-12;NULL;NULL;NULL;1;2017-12-09 22:39:31;2017-12-09 22:39:31
837;16;837;2015-01-01;NULL;NULL;NULL;1;2017-12-09 22:39:31;2017-12-09 22:39:31
838;73;838;2017-01-01;NULL;NULL;NULL;1;2017-12-09 22:39:31;2017-12-09 22:39:31
839;15;839;2012-02-01;NULL;NULL;NULL;1;2017-12-09 22:39:31;2017-12-09 22:39:31
840;15;840;2012-02-01;NULL;NULL;NULL;1;2017-12-09 22:39:31;2017-12-09 22:39:31
841;74;841;2017-02-06;NULL;NULL;NULL;1;2017-12-09 22:39:31;2017-12-09 22:39:31
842;67;842;2016-01-27;NULL;NULL;NULL;1;2017-12-09 22:39:31;2017-12-09 22:39:31
843;68;843;2016-01-01;NULL;NULL;NULL;1;2017-12-09 22:39:31;2017-12-09 22:39:31
844;44;844;2014-09-07;NULL;NULL;NULL;1;2017-12-09 22:39:31;2017-12-09 22:39:31
845;73;845;2017-01-01;NULL;NULL;NULL;1;2017-12-09 22:39:31;2017-12-09 22:39:31
846;63;846;2016-09-01;NULL;NULL;NULL;1;2017-12-09 22:39:31;2017-12-09 22:39:31
847;9;847;2014-01-01;NULL;NULL;NULL;1;2017-12-09 22:39:31;2017-12-09 22:39:31
848;4;848;2014-11-15;2017-01-05;NULL;NULL;1;2017-12-09 22:39:31;2017-12-09 22:39:31
849;14;849;2099-01-01;9999-12-31;NULL;NULL;1;2017-12-09 22:39:31;2017-12-09 22:39:31
850;73;850;2017-01-01;NULL;NULL;NULL;1;2017-12-09 22:39:31;2017-12-09 22:39:31
851;75;851;2017-01-06;NULL;NULL;NULL;1;2017-12-09 22:39:31;2017-12-09 22:39:31
852;44;852;2017-08-16;NULL;NULL;NULL;1;2017-12-09 22:39:31;2017-12-09 22:39:31
853;8;853;2015-10-20;2016-03-09;NULL;NULL;1;2017-12-09 22:39:31;2017-12-09 22:39:31
854;12;854;2017-08-03;NULL;NULL;NULL;1;2017-12-09 22:39:31;2017-12-09 22:39:31
855;73;855;2017-01-01;NULL;NULL;NULL;1;2017-12-09 22:39:31;2017-12-09 22:39:31
856;9;856;2014-01-01;NULL;NULL;NULL;1;2017-12-09 22:39:31;2017-12-09 22:39:31
857;16;857;2015-01-01;NULL;NULL;NULL;1;2017-12-09 22:39:31;2017-12-09 22:39:31
858;15;858;2017-03-16;NULL;NULL;NULL;1;2017-12-09 22:39:31;2017-12-09 22:39:31
859;63;859;2015-01-01;NULL;NULL;NULL;1;2017-12-09 22:39:31;2017-12-09 22:39:31
860;68;860;2016-01-01;NULL;NULL;NULL;1;2017-12-09 22:39:31;2017-12-09 22:39:31
861;9;861;2014-09-16;NULL;NULL;NULL;1;2017-12-09 22:39:31;2017-12-09 22:39:31
862;4;862;2013-01-01;NULL;NULL;NULL;1;2017-12-09 22:39:31;2017-12-09 22:39:31
863;9;863;2016-04-04;NULL;NULL;NULL;1;2017-12-09 22:39:31;2017-12-09 22:39:31
864;15;864;2012-02-01;NULL;NULL;NULL;1;2017-12-09 22:39:31;2017-12-09 22:39:31
865;16;865;2015-01-01;NULL;NULL;NULL;1;2017-12-09 22:39:31;2017-12-09 22:39:31
866;2;866;2016-05-08;2016-08-29;NULL;NULL;1;2017-12-09 22:39:31;2017-12-09 22:39:31
867;73;867;2017-01-01;NULL;NULL;NULL;1;2017-12-09 22:39:31;2017-12-09 22:39:31
868;15;868;2016-02-24;NULL;NULL;NULL;1;2017-12-09 22:39:31;2017-12-09 22:39:31
869;16;869;2017-09-20;NULL;NULL;NULL;1;2017-12-09 22:39:31;2017-12-09 22:39:31
870;75;870;2017-01-01;NULL;NULL;NULL;1;2017-12-09 22:39:31;2017-12-09 22:39:31
871;69;871;2016-01-01;NULL;NULL;NULL;1;2017-12-09 22:39:31;2017-12-09 22:39:31
872;47;872;2017-10-08;NULL;NULL;NULL;1;2017-12-09 22:39:31;2017-12-09 22:39:31
873;14;873;2015-07-04;2017-01-05;NULL;NULL;1;2017-12-09 22:39:31;2017-12-09 22:39:31
874;74;874;2017-02-06;NULL;NULL;NULL;1;2017-12-09 22:39:31;2017-12-09 22:39:31
875;4;875;2016-03-18;2017-01-05;NULL;NULL;1;2017-12-09 22:39:31;2017-12-09 22:39:31
876;76;876;2017-01-01;NULL;NULL;NULL;1;2017-12-09 22:39:31;2017-12-09 22:39:31
877;63;877;2016-11-04;NULL;NULL;NULL;1;2017-12-09 22:39:31;2017-12-09 22:39:31
878;1;878;2013-01-01;NULL;NULL;NULL;1;2017-12-09 22:39:31;2017-12-09 22:39:31
879;15;879;2014-01-01;NULL;NULL;NULL;1;2017-12-09 22:39:31;2017-12-09 22:39:31
880;46;880;2015-03-24;NULL;NULL;NULL;1;2017-12-09 22:39:31;2017-12-09 22:39:31
881;1;881;2015-08-24;NULL;NULL;NULL;1;2017-12-09 22:39:31;2017-12-09 22:39:31
882;1;882;2013-01-01;2017-03-16;NULL;NULL;1;2017-12-09 22:39:31;2017-12-09 22:39:31
883;72;883;2017-01-01;NULL;NULL;NULL;1;2017-12-09 22:39:31;2017-12-09 22:39:31
884;67;884;2017-08-28;NULL;NULL;NULL;1;2017-12-09 22:39:31;2017-12-09 22:39:31
885;16;885;2015-01-01;NULL;NULL;NULL;1;2017-12-09 22:39:31;2017-12-09 22:39:31
886;72;886;2017-01-01;NULL;NULL;NULL;1;2017-12-09 22:39:31;2017-12-09 22:39:31
887;69;887;2016-03-13;NULL;NULL;NULL;1;2017-12-09 22:39:31;2017-12-09 22:39:31
888;68;888;2016-01-01;NULL;NULL;NULL;1;2017-12-09 22:39:31;2017-12-09 22:39:31
889;15;889;2016-04-30;NULL;NULL;NULL;1;2017-12-09 22:39:31;2017-12-09 22:39:31
890;44;890;2014-03-28;NULL;NULL;NULL;1;2017-12-09 22:39:31;2017-12-09 22:39:31
891;8;891;2015-07-28;2016-03-09;NULL;NULL;1;2017-12-09 22:39:31;2017-12-09 22:39:31
892;16;892;2015-01-01;NULL;NULL;NULL;1;2017-12-09 22:39:31;2017-12-09 22:39:31
893;4;893;2017-09-17;NULL;NULL;NULL;1;2017-12-09 22:39:31;2017-12-09 22:39:31
894;1;894;2015-03-11;2017-03-16;NULL;NULL;1;2017-12-09 22:39:31;2017-12-09 22:39:31
895;67;895;2016-09-19;NULL;NULL;NULL;1;2017-12-09 22:39:31;2017-12-09 22:39:31
896;53;896;2017-06-13;NULL;NULL;NULL;1;2017-12-09 22:39:31;2017-12-09 22:39:31
897;70;897;2016-01-01;NULL;NULL;NULL;1;2017-12-09 22:39:31;2017-12-09 22:39:31
898;1;898;2017-03-14;NULL;NULL;NULL;1;2017-12-09 22:39:31;2017-12-09 22:39:31
899;1;899;2013-01-01;NULL;NULL;NULL;1;2017-12-09 22:39:31;2017-12-09 22:39:31
900;2;900;2014-01-01;2016-04-19;NULL;NULL;1;2017-12-09 22:39:31;2017-12-09 22:39:31
901;53;901;2014-09-17;NULL;NULL;NULL;1;2017-12-09 22:39:31;2017-12-09 22:39:31
902;12;902;2017-05-03;NULL;NULL;NULL;1;2017-12-09 22:39:31;2017-12-09 22:39:31
903;2;903;2016-08-25;2016-11-04;NULL;NULL;1;2017-12-09 22:39:31;2017-12-09 22:39:31
904;69;904;2016-05-20;NULL;NULL;NULL;1;2017-12-09 22:39:31;2017-12-09 22:39:31
905;67;905;2017-06-06;NULL;NULL;NULL;1;2017-12-09 22:39:31;2017-12-09 22:39:31
906;44;906;2013-07-09;NULL;NULL;NULL;1;2017-12-09 22:39:31;2017-12-09 22:39:31
907;67;907;2016-01-01;NULL;NULL;NULL;1;2017-12-09 22:39:31;2017-12-09 22:39:31
908;12;908;2016-02-11;NULL;NULL;NULL;1;2017-12-09 22:39:31;2017-12-09 22:39:31
909;53;909;2017-02-15;NULL;NULL;NULL;1;2017-12-09 22:39:31;2017-12-09 22:39:31
910;46;910;2014-01-01;NULL;NULL;NULL;1;2017-12-09 22:39:31;2017-12-09 22:39:31
911;70;911;2016-01-01;NULL;NULL;NULL;1;2017-12-09 22:39:31;2017-12-09 22:39:31
912;2;912;2017-03-31;2017-09-17;NULL;NULL;1;2017-12-09 22:39:31;2017-12-09 22:39:31
913;2;913;2017-03-31;2017-09-17;NULL;NULL;1;2017-12-09 22:39:31;2017-12-09 22:39:31
914;2;914;2015-09-16;2016-09-06;NULL;NULL;1;2017-12-09 22:39:31;2017-12-09 22:39:31
915;67;915;2016-04-12;NULL;NULL;NULL;1;2017-12-09 22:39:31;2017-12-09 22:39:31
916;16;916;2016-04-22;NULL;NULL;NULL;1;2017-12-09 22:39:31;2017-12-09 22:39:31
917;2;917;2017-03-29;NULL;NULL;NULL;1;2017-12-09 22:39:31;2017-12-09 22:39:31
918;4;918;2016-10-25;NULL;NULL;NULL;1;2017-12-09 22:39:31;2017-12-09 22:39:31
919;4;919;2017-05-24;NULL;NULL;NULL;1;2017-12-09 22:39:31;2017-12-09 22:39:31
920;69;920;2016-01-01;NULL;NULL;NULL;1;2017-12-09 22:39:31;2017-12-09 22:39:31
921;1;921;2016-05-11;NULL;NULL;NULL;1;2017-12-09 22:39:31;2017-12-09 22:39:31
922;12;922;2017-08-06;NULL;NULL;NULL;1;2017-12-09 22:39:31;2017-12-09 22:39:31
923;72;923;2017-01-01;NULL;NULL;NULL;1;2017-12-09 22:39:31;2017-12-09 22:39:31
924;68;924;2016-01-01;NULL;NULL;NULL;1;2017-12-09 22:39:31;2017-12-09 22:39:31
925;63;925;2015-01-01;NULL;NULL;NULL;1;2017-12-09 22:39:31;2017-12-09 22:39:31
926;4;926;2016-09-07;NULL;NULL;NULL;1;2017-12-09 22:39:31;2017-12-09 22:39:31
927;9;927;2015-09-23;NULL;NULL;NULL;1;2017-12-09 22:39:31;2017-12-09 22:39:31
928;68;928;2016-05-10;NULL;NULL;NULL;1;2017-12-09 22:39:31;2017-12-09 22:39:31
929;15;929;2012-11-19;NULL;NULL;NULL;1;2017-12-09 22:39:31;2017-12-09 22:39:31
930;53;930;2014-01-01;NULL;NULL;NULL;1;2017-12-09 22:39:31;2017-12-09 22:39:31
931;53;931;2014-02-16;2017-01-05;NULL;NULL;1;2017-12-09 22:39:31;2017-12-09 22:39:31
932;74;932;2017-04-18;NULL;NULL;NULL;1;2017-12-09 22:39:31;2017-12-09 22:39:31
933;53;933;2015-02-18;NULL;NULL;NULL;1;2017-12-09 22:39:31;2017-12-09 22:39:31
934;74;934;2017-09-06;NULL;NULL;NULL;1;2017-12-09 22:39:31;2017-12-09 22:39:31
935;4;935;2014-08-26;2017-01-05;NULL;NULL;1;2017-12-09 22:39:31;2017-12-09 22:39:31
936;14;936;2015-10-27;2017-01-05;NULL;NULL;1;2017-12-09 22:39:31;2017-12-09 22:39:31
937;46;937;2014-09-02;NULL;NULL;NULL;1;2017-12-09 22:39:31;2017-12-09 22:39:31
938;4;938;2014-11-15;2017-01-05;NULL;NULL;1;2017-12-09 22:39:31;2017-12-09 22:39:31
939;15;939;2015-10-08;NULL;NULL;NULL;1;2017-12-09 22:39:31;2017-12-09 22:39:31
940;46;940;2014-02-13;NULL;NULL;NULL;1;2017-12-09 22:39:31;2017-12-09 22:39:31
941;2;941;2017-06-06;NULL;NULL;NULL;1;2017-12-09 22:39:31;2017-12-09 22:39:31
942;76;942;2017-01-01;NULL;NULL;NULL;1;2017-12-09 22:39:31;2017-12-09 22:39:31
943;53;943;2014-01-01;NULL;NULL;NULL;1;2017-12-09 22:39:31;2017-12-09 22:39:31
944;15;944;2012-02-01;NULL;NULL;NULL;1;2017-12-09 22:39:31;2017-12-09 22:39:31
945;1;945;2013-01-01;NULL;NULL;NULL;1;2017-12-09 22:39:31;2017-12-09 22:39:31
946;44;946;2015-10-20;NULL;NULL;NULL;1;2017-12-09 22:39:31;2017-12-09 22:39:31
947;68;947;2016-01-01;NULL;NULL;NULL;1;2017-12-09 22:39:31;2017-12-09 22:39:31
948;1;948;2015-05-09;NULL;NULL;NULL;1;2017-12-09 22:39:31;2017-12-09 22:39:31
949;4;949;2015-02-17;NULL;NULL;NULL;1;2017-12-09 22:39:31;2017-12-09 22:39:31
950;76;950;2017-01-01;NULL;NULL;NULL;1;2017-12-09 22:39:31;2017-12-09 22:39:31
951;4;951;2016-10-25;NULL;NULL;NULL;1;2017-12-09 22:39:31;2017-12-09 22:39:31
952;70;952;2016-01-01;NULL;NULL;NULL;1;2017-12-09 22:39:31;2017-12-09 22:39:31
953;75;953;2017-03-15;NULL;NULL;NULL;1;2017-12-09 22:39:31;2017-12-09 22:39:31
954;44;954;2013-04-17;NULL;NULL;NULL;1;2017-12-09 22:39:31;2017-12-09 22:39:31
955;16;955;2017-09-20;NULL;NULL;NULL;1;2017-12-09 22:39:31;2017-12-09 22:39:31
956;14;956;2013-01-01;NULL;NULL;NULL;1;2017-12-09 22:39:31;2017-12-09 22:39:31
957;67;957;2016-01-26;2016-05-29;NULL;NULL;1;2017-12-09 22:39:31;2017-12-09 22:39:31
958;9;958;2014-01-01;NULL;NULL;NULL;1;2017-12-09 22:39:31;2017-12-09 22:39:31
959;69;959;2017-05-29;NULL;NULL;NULL;1;2017-12-09 22:39:31;2017-12-09 22:39:31
960;47;960;2017-07-07;NULL;NULL;NULL;1;2017-12-09 22:39:31;2017-12-09 22:39:31
961;8;961;2016-02-29;NULL;NULL;NULL;1;2017-12-09 22:39:31;2017-12-09 22:39:31
962;69;962;2017-10-06;NULL;NULL;NULL;1;2017-12-09 22:39:31;2017-12-09 22:39:31
963;1;963;2016-03-17;NULL;NULL;NULL;1;2017-12-09 22:39:31;2017-12-09 22:39:31
964;4;964;2016-03-18;NULL;NULL;NULL;1;2017-12-09 22:39:31;2017-12-09 22:39:31
965;53;965;2014-01-01;2017-01-05;NULL;NULL;1;2017-12-09 22:39:31;2017-12-09 22:39:31
966;53;966;2014-02-19;2017-01-05;NULL;NULL;1;2017-12-09 22:39:31;2017-12-09 22:39:31
967;67;967;2017-03-03;NULL;NULL;NULL;1;2017-12-09 22:39:31;2017-12-09 22:39:31
968;9;968;2014-07-25;NULL;NULL;NULL;1;2017-12-09 22:39:31;2017-12-09 22:39:31
969;67;969;2016-01-01;NULL;NULL;NULL;1;2017-12-09 22:39:31;2017-12-09 22:39:31
970;4;970;2016-02-19;NULL;NULL;NULL;1;2017-12-09 22:39:31;2017-12-09 22:39:31
971;4;971;2013-01-01;2017-01-05;NULL;NULL;1;2017-12-09 22:39:31;2017-12-09 22:39:31
972;2;972;2017-02-18;NULL;NULL;NULL;1;2017-12-09 22:39:31;2017-12-09 22:39:31
973;9;973;2014-01-01;NULL;NULL;NULL;1;2017-12-09 22:39:31;2017-12-09 22:39:31
974;12;974;2014-01-01;NULL;NULL;NULL;1;2017-12-09 22:39:31;2017-12-09 22:39:31
975;50;975;2013-01-01;NULL;NULL;NULL;1;2017-12-09 22:39:31;2017-12-09 22:39:31
976;67;976;2017-06-06;NULL;NULL;NULL;1;2017-12-09 22:39:31;2017-12-09 22:39:31
977;53;977;2014-02-16;NULL;NULL;NULL;1;2017-12-09 22:39:31;2017-12-09 22:39:31
978;75;978;2017-03-01;NULL;NULL;NULL;1;2017-12-09 22:39:31;2017-12-09 22:39:31
979;47;979;2014-01-01;NULL;NULL;NULL;1;2017-12-09 22:39:31;2017-12-09 22:39:31
980;16;980;2016-02-01;NULL;NULL;NULL;1;2017-12-09 22:39:31;2017-12-09 22:39:31
981;67;981;2017-10-03;NULL;NULL;NULL;1;2017-12-09 22:39:31;2017-12-09 22:39:31
982;53;982;2014-01-01;NULL;NULL;NULL;1;2017-12-09 22:39:31;2017-12-09 22:39:31
983;73;983;2017-01-01;NULL;NULL;NULL;1;2017-12-09 22:39:31;2017-12-09 22:39:31
984;2;984;2014-01-01;NULL;NULL;NULL;1;2017-12-09 22:39:31;2017-12-09 22:39:31
985;9;985;2017-05-17;NULL;NULL;NULL;1;2017-12-09 22:39:31;2017-12-09 22:39:31
986;47;986;2014-01-01;NULL;NULL;NULL;1;2017-12-09 22:39:31;2017-12-09 22:39:31
987;46;987;2014-01-01;NULL;NULL;NULL;1;2017-12-09 22:39:31;2017-12-09 22:39:31
988;46;988;2015-09-08;NULL;NULL;NULL;1;2017-12-09 22:39:31;2017-12-09 22:39:31
989;53;989;2016-02-15;NULL;NULL;NULL;1;2017-12-09 22:39:31;2017-12-09 22:39:31
990;72;990;2017-01-01;NULL;NULL;NULL;1;2017-12-09 22:39:31;2017-12-09 22:39:31
991;2;991;2014-01-01;2017-04-01;NULL;NULL;1;2017-12-09 22:39:31;2017-12-09 22:39:31
992;75;992;2017-01-06;NULL;NULL;NULL;1;2017-12-09 22:39:31;2017-12-09 22:39:31
993;53;993;2014-02-16;2017-01-05;NULL;NULL;1;2017-12-09 22:39:31;2017-12-09 22:39:31
994;16;994;2015-01-01;NULL;NULL;NULL;1;2017-12-09 22:39:31;2017-12-09 22:39:31
995;16;995;2016-02-01;NULL;NULL;NULL;1;2017-12-09 22:39:31;2017-12-09 22:39:31
996;16;996;2015-01-01;NULL;NULL;NULL;1;2017-12-09 22:39:31;2017-12-09 22:39:31
997;72;997;2017-01-01;NULL;NULL;NULL;1;2017-12-09 22:39:31;2017-12-09 22:39:31
998;12;998;2017-05-17;NULL;NULL;NULL;1;2017-12-09 22:39:31;2017-12-09 22:39:31
999;69;999;2017-10-05;NULL;NULL;NULL;1;2017-12-09 22:39:31;2017-12-09 22:39:31
1000;15;1000;2012-02-01;NULL;NULL;NULL;1;2017-12-09 22:39:31;2017-12-09 22:39:31
1001;53;1001;2014-01-01;NULL;NULL;NULL;1;2017-12-09 22:39:31;2017-12-09 22:39:31
1002;67;1002;2017-06-20;NULL;NULL;NULL;1;2017-12-09 22:39:31;2017-12-09 22:39:31
1003;50;1003;2013-01-01;NULL;NULL;NULL;1;2017-12-09 22:39:31;2017-12-09 22:39:31
1004;53;1004;2014-01-01;NULL;NULL;NULL;1;2017-12-09 22:39:31;2017-12-09 22:39:31
1005;53;1005;2014-01-01;NULL;NULL;NULL;1;2017-12-09 22:39:31;2017-12-09 22:39:31
1006;53;1006;2014-02-16;NULL;NULL;NULL;1;2017-12-09 22:39:31;2017-12-09 22:39:31
1007;8;1007;2014-01-01;NULL;NULL;NULL;1;2017-12-09 22:39:31;2017-12-09 22:39:31
1008;14;1008;2013-01-01;NULL;NULL;NULL;1;2017-12-09 22:39:31;2017-12-09 22:39:31
1009;9;1009;2014-02-16;NULL;NULL;NULL;1;2017-12-09 22:39:31;2017-12-09 22:39:31
1010;50;1010;2013-01-01;NULL;NULL;NULL;1;2017-12-09 22:39:31;2017-12-09 22:39:31
1011;14;1011;2017-05-15;NULL;NULL;NULL;1;2017-12-09 22:39:31;2017-12-09 22:39:31
1012;16;1012;2017-09-20;NULL;NULL;NULL;1;2017-12-09 22:39:31;2017-12-09 22:39:31
1013;75;1013;2017-01-01;NULL;NULL;NULL;1;2017-12-09 22:39:31;2017-12-09 22:39:31
1014;50;1014;2015-03-09;NULL;NULL;NULL;1;2017-12-09 22:39:31;2017-12-09 22:39:31
1015;12;1015;2014-04-10;NULL;NULL;NULL;1;2017-12-09 22:39:31;2017-12-09 22:39:31
1016;74;1016;2017-03-08;NULL;NULL;NULL;1;2017-12-09 22:39:31;2017-12-09 22:39:31
1017;70;1017;2016-01-01;NULL;NULL;NULL;1;2017-12-09 22:39:31;2017-12-09 22:39:31
1018;47;1018;2016-09-05;NULL;NULL;NULL;1;2017-12-09 22:39:31;2017-12-09 22:39:31
1019;16;1019;2015-01-01;NULL;NULL;NULL;1;2017-12-09 22:39:31;2017-12-09 22:39:31
1020;74;1020;2017-09-06;NULL;NULL;NULL;1;2017-12-09 22:39:31;2017-12-09 22:39:31
1021;4;1021;2016-03-18;NULL;NULL;NULL;1;2017-12-09 22:39:31;2017-12-09 22:39:31
1022;1;1022;2014-10-20;NULL;NULL;NULL;1;2017-12-09 22:39:31;2017-12-09 22:39:31
1023;50;1023;2017-03-31;NULL;NULL;NULL;1;2017-12-09 22:39:31;2017-12-09 22:39:31
1024;69;1024;2017-06-18;NULL;NULL;NULL;1;2017-12-09 22:39:31;2017-12-09 22:39:31
1025;76;1025;2017-01-01;NULL;NULL;NULL;1;2017-12-09 22:39:31;2017-12-09 22:39:31
1026;70;1026;2016-01-01;NULL;NULL;NULL;1;2017-12-09 22:39:31;2017-12-09 22:39:31
1027;47;1027;2014-01-01;NULL;NULL;NULL;1;2017-12-09 22:39:31;2017-12-09 22:39:31
1028;44;1028;2013-01-01;NULL;NULL;NULL;1;2017-12-09 22:39:31;2017-12-09 22:39:31
1029;12;1029;2014-01-01;NULL;NULL;NULL;1;2017-12-09 22:39:31;2017-12-09 22:39:31
1030;72;1030;2017-01-01;NULL;NULL;NULL;1;2017-12-09 22:39:31;2017-12-09 22:39:31
1031;12;1031;2016-04-22;NULL;NULL;NULL;1;2017-12-09 22:39:31;2017-12-09 22:39:31
1032;12;1032;2014-01-01;NULL;NULL;NULL;1;2017-12-09 22:39:31;2017-12-09 22:39:31
1033;4;1033;2013-09-24;NULL;NULL;NULL;1;2017-12-09 22:39:31;2017-12-09 22:39:31
1034;2;1034;2017-10-26;NULL;NULL;NULL;1;2017-12-09 22:39:31;2017-12-09 22:39:31
1035;15;1035;2015-09-23;NULL;NULL;NULL;1;2017-12-09 22:39:31;2017-12-09 22:39:31
1036;73;1036;2017-01-01;NULL;NULL;NULL;1;2017-12-09 22:39:31;2017-12-09 22:39:31
1037;15;1037;2012-02-01;NULL;NULL;NULL;1;2017-12-09 22:39:31;2017-12-09 22:39:31
1038;12;1038;2017-10-10;NULL;NULL;NULL;1;2017-12-09 22:39:31;2017-12-09 22:39:31
1039;53;1039;2016-08-22;NULL;NULL;NULL;1;2017-12-09 22:39:31;2017-12-09 22:39:31
1040;70;1040;2016-01-01;NULL;NULL;NULL;1;2017-12-09 22:39:31;2017-12-09 22:39:31
1041;9;1041;2016-09-16;NULL;NULL;NULL;1;2017-12-09 22:39:31;2017-12-09 22:39:31
1042;15;1042;2014-01-01;NULL;NULL;NULL;1;2017-12-09 22:39:31;2017-12-09 22:39:31
1043;9;1043;2014-01-01;NULL;NULL;NULL;1;2017-12-09 22:39:31;2017-12-09 22:39:31
1044;16;1044;2015-01-01;NULL;NULL;NULL;1;2017-12-09 22:39:31;2017-12-09 22:39:31
1045;14;1045;2015-06-19;2017-01-05;NULL;NULL;1;2017-12-09 22:39:31;2017-12-09 22:39:31
1046;72;1046;2017-01-01;NULL;NULL;NULL;1;2017-12-09 22:39:31;2017-12-09 22:39:31
1047;69;1047;2016-01-01;NULL;NULL;NULL;1;2017-12-09 22:39:31;2017-12-09 22:39:31
1048;69;1048;2016-01-01;NULL;NULL;NULL;1;2017-12-09 22:39:31;2017-12-09 22:39:31
1049;15;1049;2012-10-04;NULL;NULL;NULL;1;2017-12-09 22:39:31;2017-12-09 22:39:31
1050;14;1050;2016-09-19;NULL;NULL;NULL;1;2017-12-09 22:39:31;2017-12-09 22:39:31
1051;14;1051;2017-05-09;NULL;NULL;NULL;1;2017-12-09 22:39:31;2017-12-09 22:39:31
1052;46;1052;2014-01-01;NULL;NULL;NULL;1;2017-12-09 22:39:31;2017-12-09 22:39:31
1053;63;1053;2016-01-24;NULL;NULL;NULL;1;2017-12-09 22:39:31;2017-12-09 22:39:31
1054;2;1054;2016-01-01;2016-04-19;NULL;NULL;1;2017-12-09 22:39:31;2017-12-09 22:39:31
1055;67;1055;2016-01-19;NULL;NULL;NULL;1;2017-12-09 22:39:31;2017-12-09 22:39:31
1056;44;1056;2013-05-21;NULL;NULL;NULL;1;2017-12-09 22:39:31;2017-12-09 22:39:31
1057;72;1057;2017-01-01;NULL;NULL;NULL;1;2017-12-09 22:39:31;2017-12-09 22:39:31
1058;16;1058;2015-01-01;NULL;NULL;NULL;1;2017-12-09 22:39:31;2017-12-09 22:39:31
1059;16;1059;2015-01-01;NULL;NULL;NULL;1;2017-12-09 22:39:31;2017-12-09 22:39:31
1060;53;1060;2016-04-08;NULL;NULL;NULL;1;2017-12-09 22:39:31;2017-12-09 22:39:31
1061;9;1061;2014-01-01;NULL;NULL;NULL;1;2017-12-09 22:39:31;2017-12-09 22:39:31
1062;67;1062;2017-03-03;NULL;NULL;NULL;1;2017-12-09 22:39:31;2017-12-09 22:39:31
1063;50;1063;2016-09-15;NULL;NULL;NULL;1;2017-12-09 22:39:31;2017-12-09 22:39:31
1064;46;1064;2014-07-20;NULL;NULL;NULL;1;2017-12-09 22:39:31;2017-12-09 22:39:31
1065;63;1065;2015-01-01;NULL;NULL;NULL;1;2017-12-09 22:39:31;2017-12-09 22:39:31
1066;47;1066;2014-01-01;NULL;NULL;NULL;1;2017-12-09 22:39:31;2017-12-09 22:39:31
1067;69;1067;2016-01-01;NULL;NULL;NULL;1;2017-12-09 22:39:31;2017-12-09 22:39:31
1068;76;1068;2017-01-01;NULL;NULL;NULL;1;2017-12-09 22:39:31;2017-12-09 22:39:31
1069;53;1069;2014-01-01;NULL;NULL;NULL;1;2017-12-09 22:39:31;2017-12-09 22:39:31
1070;15;1070;2012-02-01;NULL;NULL;NULL;1;2017-12-09 22:39:31;2017-12-09 22:39:31
1071;70;1071;2016-01-01;2017-01-05;NULL;NULL;1;2017-12-09 22:39:31;2017-12-09 22:39:31
1072;70;1072;2017-10-02;NULL;NULL;NULL;1;2017-12-09 22:39:31;2017-12-09 22:39:31
1073;67;1073;2016-01-01;NULL;NULL;NULL;1;2017-12-09 22:39:31;2017-12-09 22:39:31
1074;8;1074;2016-01-24;NULL;NULL;NULL;1;2017-12-09 22:39:31;2017-12-09 22:39:31
1075;76;1075;2017-03-08;NULL;NULL;NULL;1;2017-12-09 22:39:31;2017-12-09 22:39:31
1076;72;1076;2017-01-01;NULL;NULL;NULL;1;2017-12-09 22:39:31;2017-12-09 22:39:31
1077;1;1077;2016-05-07;NULL;NULL;NULL;1;2017-12-09 22:39:31;2017-12-09 22:39:31
1078;67;1078;2016-09-09;NULL;NULL;NULL;1;2017-12-09 22:39:31;2017-12-09 22:39:31
1079;2;1079;2015-10-20;2016-11-25;NULL;NULL;1;2017-12-09 22:39:31;2017-12-09 22:39:31
1080;15;1080;2014-03-26;NULL;NULL;NULL;1;2017-12-09 22:39:31;2017-12-09 22:39:31
1081;67;1081;2016-08-31;NULL;NULL;NULL;1;2017-12-09 22:39:31;2017-12-09 22:39:31
1082;69;1082;2016-10-30;NULL;NULL;NULL;1;2017-12-09 22:39:31;2017-12-09 22:39:31
1083;2;1083;2015-11-03;2016-05-09;NULL;NULL;1;2017-12-09 22:39:31;2017-12-09 22:39:31
1084;8;1084;2014-01-01;NULL;NULL;NULL;1;2017-12-09 22:39:31;2017-12-09 22:39:31
1085;53;1085;2014-09-17;NULL;NULL;NULL;1;2017-12-09 22:39:31;2017-12-09 22:39:31
1086;53;1086;2014-01-01;NULL;NULL;NULL;1;2017-12-09 22:39:31;2017-12-09 22:39:31
1087;9;1087;2016-09-14;NULL;NULL;NULL;1;2017-12-09 22:39:31;2017-12-09 22:39:31
1088;73;1088;2017-01-01;NULL;NULL;NULL;1;2017-12-09 22:39:31;2017-12-09 22:39:31
1089;67;1089;2016-08-31;NULL;NULL;NULL;1;2017-12-09 22:39:31;2017-12-09 22:39:31
1090;47;1090;2017-10-13;NULL;NULL;NULL;1;2017-12-09 22:39:31;2017-12-09 22:39:31
1091;75;1091;2017-01-01;NULL;NULL;NULL;1;2017-12-09 22:39:31;2017-12-09 22:39:31
1092;68;1092;2016-01-01;NULL;NULL;NULL;1;2017-12-09 22:39:31;2017-12-09 22:39:31
1093;2;1093;2014-01-01;NULL;NULL;NULL;1;2017-12-09 22:39:31;2017-12-09 22:39:31
1094;76;1094;2017-01-01;NULL;NULL;NULL;1;2017-12-09 22:39:31;2017-12-09 22:39:31
1095;1;1095;2015-10-12;2017-03-16;NULL;NULL;1;2017-12-09 22:39:31;2017-12-09 22:39:31
1096;44;1096;2017-08-25;NULL;NULL;NULL;1;2017-12-09 22:39:31;2017-12-09 22:39:31
1097;12;1097;2014-01-01;NULL;NULL;NULL;1;2017-12-09 22:39:31;2017-12-09 22:39:31
1098;67;1098;2017-10-03;NULL;NULL;NULL;1;2017-12-09 22:39:31;2017-12-09 22:39:31
1099;1;1099;2013-01-01;NULL;NULL;NULL;1;2017-12-09 22:39:31;2017-12-09 22:39:31
1100;70;1100;2016-01-01;NULL;NULL;NULL;1;2017-12-09 22:39:31;2017-12-09 22:39:31
1101;68;1101;2016-01-01;NULL;NULL;NULL;1;2017-12-09 22:39:31;2017-12-09 22:39:31
1102;63;1102;2015-01-01;NULL;NULL;NULL;1;2017-12-09 22:39:31;2017-12-09 22:39:31
1103;75;1103;2017-05-08;NULL;NULL;NULL;1;2017-12-09 22:39:31;2017-12-09 22:39:31
1104;67;1104;2016-01-01;NULL;NULL;NULL;1;2017-12-09 22:39:31;2017-12-09 22:39:31
1105;2;1105;2016-03-26;2016-11-02;NULL;NULL;1;2017-12-09 22:39:31;2017-12-09 22:39:31
1106;9;1106;2016-01-27;NULL;NULL;NULL;1;2017-12-09 22:39:31;2017-12-09 22:39:31
1107;75;1107;2017-01-01;NULL;NULL;NULL;1;2017-12-09 22:39:31;2017-12-09 22:39:31
1108;53;1108;2017-05-03;NULL;NULL;NULL;1;2017-12-09 22:39:31;2017-12-09 22:39:31
1109;2;1109;2017-10-17;NULL;NULL;NULL;1;2017-12-09 22:39:31;2017-12-09 22:39:31
1110;1;1110;2013-01-01;NULL;NULL;NULL;1;2017-12-09 22:39:31;2017-12-09 22:39:31
1111;16;1111;2016-09-30;NULL;NULL;NULL;1;2017-12-09 22:39:31;2017-12-09 22:39:31
1112;12;1112;2016-10-26;NULL;NULL;NULL;1;2017-12-09 22:39:31;2017-12-09 22:39:31
1113;16;1113;2017-01-18;NULL;NULL;NULL;1;2017-12-09 22:39:31;2017-12-09 22:39:31
1114;76;1114;2017-01-12;NULL;NULL;NULL;1;2017-12-09 22:39:31;2017-12-09 22:39:31
1115;14;1115;2016-04-07;NULL;NULL;NULL;1;2017-12-09 22:39:31;2017-12-09 22:39:31
1116;67;1116;2016-08-31;NULL;NULL;NULL;1;2017-12-09 22:39:31;2017-12-09 22:39:31
1117;15;1117;2016-07-28;NULL;NULL;NULL;1;2017-12-09 22:39:31;2017-12-09 22:39:31
1118;53;1118;2014-02-16;NULL;NULL;NULL;1;2017-12-09 22:39:31;2017-12-09 22:39:31
1119;75;1119;2017-01-31;NULL;NULL;NULL;1;2017-12-09 22:39:31;2017-12-09 22:39:31
1120;16;1120;2015-01-01;NULL;NULL;NULL;1;2017-12-09 22:39:31;2017-12-09 22:39:31
1121;63;1121;2015-02-11;NULL;NULL;NULL;1;2017-12-09 22:39:31;2017-12-09 22:39:31
1122;70;1122;2017-02-15;NULL;NULL;NULL;1;2017-12-09 22:39:31;2017-12-09 22:39:31
1123;70;1123;2017-05-21;NULL;NULL;NULL;1;2017-12-09 22:39:31;2017-12-09 22:39:31
1124;47;1124;2017-10-04;NULL;NULL;NULL;1;2017-12-09 22:39:31;2017-12-09 22:39:31
1125;2;1125;2016-10-30;2017-09-17;NULL;NULL;1;2017-12-09 22:39:31;2017-12-09 22:39:31
1126;63;1126;2016-01-24;NULL;NULL;NULL;1;2017-12-09 22:39:31;2017-12-09 22:39:31
1127;44;1127;2016-05-11;NULL;NULL;NULL;1;2017-12-09 22:39:31;2017-12-09 22:39:31
1128;2;1128;2017-09-01;NULL;NULL;NULL;1;2017-12-09 22:39:31;2017-12-09 22:39:31
1129;73;1129;2017-01-01;NULL;NULL;NULL;1;2017-12-09 22:39:31;2017-12-09 22:39:31
1130;14;1130;2015-06-13;2017-01-05;NULL;NULL;1;2017-12-09 22:39:31;2017-12-09 22:39:31
1131;67;1131;2017-03-03;NULL;NULL;NULL;1;2017-12-09 22:39:31;2017-12-09 22:39:31
1132;67;1132;2016-01-01;NULL;NULL;NULL;1;2017-12-09 22:39:31;2017-12-09 22:39:31
1133;73;1133;2017-01-01;NULL;NULL;NULL;1;2017-12-09 22:39:31;2017-12-09 22:39:31
1134;1;1134;2017-04-26;NULL;NULL;NULL;1;2017-12-09 22:39:31;2017-12-09 22:39:31
1135;16;1135;2015-01-01;NULL;NULL;NULL;1;2017-12-09 22:39:31;2017-12-09 22:39:31
1136;74;1136;2017-01-01;NULL;NULL;NULL;1;2017-12-09 22:39:31;2017-12-09 22:39:31
1137;69;1137;2016-01-01;NULL;NULL;NULL;1;2017-12-09 22:39:31;2017-12-09 22:39:31
1138;12;1138;2016-02-11;NULL;NULL;NULL;1;2017-12-09 22:39:31;2017-12-09 22:39:31
1139;67;1139;2017-08-28;NULL;NULL;NULL;1;2017-12-09 22:39:31;2017-12-09 22:39:31
1140;70;1140;2016-01-01;NULL;NULL;NULL;1;2017-12-09 22:39:31;2017-12-09 22:39:31
1141;68;1141;2016-01-01;NULL;NULL;NULL;1;2017-12-09 22:39:31;2017-12-09 22:39:31
1142;69;1142;2017-03-25;NULL;NULL;NULL;1;2017-12-09 22:39:31;2017-12-09 22:39:31
1143;53;1143;2014-01-01;NULL;NULL;NULL;1;2017-12-09 22:39:31;2017-12-09 22:39:31
1144;46;1144;2014-01-01;NULL;NULL;NULL;1;2017-12-09 22:39:31;2017-12-09 22:39:31
1145;69;1145;2017-06-20;NULL;NULL;NULL;1;2017-12-09 22:39:31;2017-12-09 22:39:31
1146;12;1146;2015-01-01;NULL;NULL;NULL;1;2017-12-09 22:39:31;2017-12-09 22:39:31
1147;4;1147;2016-10-25;NULL;NULL;NULL;1;2017-12-09 22:39:31;2017-12-09 22:39:31
1148;53;1148;2014-01-01;NULL;NULL;NULL;1;2017-12-09 22:39:31;2017-12-09 22:39:31
1149;69;1149;2016-03-13;NULL;NULL;NULL;1;2017-12-09 22:39:31;2017-12-09 22:39:31
1150;1;1150;2013-01-01;NULL;NULL;NULL;1;2017-12-09 22:39:31;2017-12-09 22:39:31
1151;16;1151;2017-07-10;NULL;NULL;NULL;1;2017-12-09 22:39:31;2017-12-09 22:39:31
1152;72;1152;2017-01-01;NULL;NULL;NULL;1;2017-12-09 22:39:31;2017-12-09 22:39:31
1153;74;1153;2017-04-18;NULL;NULL;NULL;1;2017-12-09 22:39:31;2017-12-09 22:39:31
1154;12;1154;2016-01-24;NULL;NULL;NULL;1;2017-12-09 22:39:31;2017-12-09 22:39:31
1155;46;1155;2015-09-08;NULL;NULL;NULL;1;2017-12-09 22:39:31;2017-12-09 22:39:31
1156;46;1156;2014-01-01;NULL;NULL;NULL;1;2017-12-09 22:39:31;2017-12-09 22:39:31
1157;68;1157;2017-03-05;NULL;NULL;NULL;1;2017-12-09 22:39:31;2017-12-09 22:39:31
1158;12;1158;2014-01-01;NULL;NULL;NULL;1;2017-12-09 22:39:31;2017-12-09 22:39:31
1159;72;1159;2017-01-01;NULL;NULL;NULL;1;2017-12-09 22:39:31;2017-12-09 22:39:31
1160;63;1160;2016-04-14;NULL;NULL;NULL;1;2017-12-09 22:39:31;2017-12-09 22:39:31
1161;67;1161;2017-10-03;NULL;NULL;NULL;1;2017-12-09 22:39:31;2017-12-09 22:39:31
1162;70;1162;2016-01-01;2017-01-05;NULL;NULL;1;2017-12-09 22:39:31;2017-12-09 22:39:31
1163;72;1163;2017-01-01;NULL;NULL;NULL;1;2017-12-09 22:39:31;2017-12-09 22:39:31
1164;9;1164;2015-01-29;NULL;NULL;NULL;1;2017-12-09 22:39:31;2017-12-09 22:39:31
1165;15;1165;2017-06-18;NULL;NULL;NULL;1;2017-12-09 22:39:31;2017-12-09 22:39:31
1166;4;1166;2016-10-25;NULL;NULL;NULL;1;2017-12-09 22:39:31;2017-12-09 22:39:31
1167;70;1167;2016-01-01;NULL;NULL;NULL;1;2017-12-09 22:39:31;2017-12-09 22:39:31
1168;8;1168;2014-03-24;NULL;NULL;NULL;1;2017-12-09 22:39:31;2017-12-09 22:39:31
1169;16;1169;2015-01-01;NULL;NULL;NULL;1;2017-12-09 22:39:31;2017-12-09 22:39:31
1170;46;1170;2014-01-01;NULL;NULL;NULL;1;2017-12-09 22:39:31;2017-12-09 22:39:31
1171;12;1171;2014-01-01;NULL;NULL;NULL;1;2017-12-09 22:39:31;2017-12-09 22:39:31
1172;76;1172;2017-01-01;NULL;NULL;NULL;1;2017-12-09 22:39:31;2017-12-09 22:39:31
1173;12;1173;2017-05-03;NULL;NULL;NULL;1;2017-12-09 22:39:31;2017-12-09 22:39:31
1174;2;1174;2014-05-06;2016-05-09;NULL;NULL;1;2017-12-09 22:39:31;2017-12-09 22:39:31
1175;47;1175;2014-01-01;NULL;NULL;NULL;1;2017-12-09 22:39:31;2017-12-09 22:39:31
1176;67;1176;2016-09-02;NULL;NULL;NULL;1;2017-12-09 22:39:31;2017-12-09 22:39:31
1177;50;1177;2016-09-15;NULL;NULL;NULL;1;2017-12-09 22:39:31;2017-12-09 22:39:31
1178;50;1178;2016-02-18;2017-01-05;NULL;NULL;1;2017-12-09 22:39:31;2017-12-09 22:39:31
1179;74;1179;2017-02-06;NULL;NULL;NULL;1;2017-12-09 22:39:31;2017-12-09 22:39:31
1180;14;1180;2014-04-09;2017-01-05;NULL;NULL;1;2017-12-09 22:39:31;2017-12-09 22:39:31
1181;12;1181;2014-08-28;NULL;NULL;NULL;1;2017-12-09 22:39:31;2017-12-09 22:39:31
1182;50;1182;2013-04-17;NULL;NULL;NULL;1;2017-12-09 22:39:31;2017-12-09 22:39:31
1183;16;1183;2015-01-01;NULL;NULL;NULL;1;2017-12-09 22:39:31;2017-12-09 22:39:31
1184;46;1184;2014-07-20;NULL;NULL;NULL;1;2017-12-09 22:39:31;2017-12-09 22:39:31
1185;9;1185;2015-06-12;NULL;NULL;NULL;1;2017-12-09 22:39:31;2017-12-09 22:39:31
1186;4;1186;2016-09-16;NULL;NULL;NULL;1;2017-12-09 22:39:31;2017-12-09 22:39:31
1187;12;1187;2017-08-03;NULL;NULL;NULL;1;2017-12-09 22:39:31;2017-12-09 22:39:31
1188;69;1188;2017-04-03;NULL;NULL;NULL;1;2017-12-09 22:39:31;2017-12-09 22:39:31
1189;53;1189;2014-01-01;2017-01-05;NULL;NULL;1;2017-12-09 22:39:31;2017-12-09 22:39:31
1190;67;1190;2016-09-19;NULL;NULL;NULL;1;2017-12-09 22:39:31;2017-12-09 22:39:31
1191;69;1191;2017-04-21;NULL;NULL;NULL;1;2017-12-09 22:39:31;2017-12-09 22:39:31
1192;44;1192;2013-01-01;NULL;NULL;NULL;1;2017-12-09 22:39:31;2017-12-09 22:39:31
1193;1;1193;2013-01-01;NULL;NULL;NULL;1;2017-12-09 22:39:31;2017-12-09 22:39:31
1194;1;1194;2015-08-24;NULL;NULL;NULL;1;2017-12-09 22:39:31;2017-12-09 22:39:31
1195;47;1195;2016-03-30;NULL;NULL;NULL;1;2017-12-09 22:39:31;2017-12-09 22:39:31
1196;67;1196;2016-01-19;2016-05-29;NULL;NULL;1;2017-12-09 22:39:31;2017-12-09 22:39:31
1197;44;1197;2013-04-08;NULL;NULL;NULL;1;2017-12-09 22:39:31;2017-12-09 22:39:31
1198;15;1198;2015-04-26;NULL;NULL;NULL;1;2017-12-09 22:39:31;2017-12-09 22:39:31
1199;53;1199;2014-01-01;NULL;NULL;NULL;1;2017-12-09 22:39:31;2017-12-09 22:39:31
1200;74;1200;2017-02-06;NULL;NULL;NULL;1;2017-12-09 22:39:31;2017-12-09 22:39:31
1201;9;1201;2014-01-01;NULL;NULL;NULL;1;2017-12-09 22:39:31;2017-12-09 22:39:31
1202;73;1202;2017-06-18;NULL;NULL;NULL;1;2017-12-09 22:39:31;2017-12-09 22:39:31
1203;63;1203;2016-10-21;NULL;NULL;NULL;1;2017-12-09 22:39:31;2017-12-09 22:39:31
1204;15;1204;2012-02-01;NULL;NULL;NULL;1;2017-12-09 22:39:31;2017-12-09 22:39:31
1205;1;1205;2016-05-11;NULL;NULL;NULL;1;2017-12-09 22:39:31;2017-12-09 22:39:31
1206;8;1206;2014-02-16;NULL;NULL;NULL;1;2017-12-09 22:39:31;2017-12-09 22:39:31
1207;4;1207;2016-08-24;NULL;NULL;NULL;1;2017-12-09 22:39:31;2017-12-09 22:39:31
1208;53;1208;2014-01-01;NULL;NULL;NULL;1;2017-12-09 22:39:31;2017-12-09 22:39:31
1209;75;1209;2017-01-01;NULL;NULL;NULL;1;2017-12-09 22:39:31;2017-12-09 22:39:31
1210;4;1210;2017-08-28;NULL;NULL;NULL;1;2017-12-09 22:39:31;2017-12-09 22:39:31
1211;72;1211;2017-01-01;NULL;NULL;NULL;1;2017-12-09 22:39:31;2017-12-09 22:39:31
1212;4;1212;2014-03-14;NULL;NULL;NULL;1;2017-12-09 22:39:31;2017-12-09 22:39:31
1213;4;1213;2013-01-01;NULL;NULL;NULL;1;2017-12-09 22:39:31;2017-12-09 22:39:31
1214;8;1214;2014-01-01;2017-01-05;NULL;NULL;1;2017-12-09 22:39:31;2017-12-09 22:39:31
1215;12;1215;2017-05-03;NULL;NULL;NULL;1;2017-12-09 22:39:31;2017-12-09 22:39:31
1216;1;1216;2016-12-22;NULL;NULL;NULL;1;2017-12-09 22:39:31;2017-12-09 22:39:31
1217;46;1217;2014-07-20;NULL;NULL;NULL;1;2017-12-09 22:39:31;2017-12-09 22:39:31
1218;63;1218;2015-01-01;NULL;NULL;NULL;1;2017-12-09 22:39:31;2017-12-09 22:39:31
1219;63;1219;2015-01-01;NULL;NULL;NULL;1;2017-12-09 22:39:31;2017-12-09 22:39:31
1220;74;1220;2017-08-01;NULL;NULL;NULL;1;2017-12-09 22:39:31;2017-12-09 22:39:31
1221;9;1221;2017-01-24;NULL;NULL;NULL;1;2017-12-09 22:39:31;2017-12-09 22:39:31
1222;63;1222;2015-02-11;NULL;NULL;NULL;1;2017-12-09 22:39:31;2017-12-09 22:39:31
1223;15;1223;2017-09-05;NULL;NULL;NULL;1;2017-12-09 22:39:31;2017-12-09 22:39:31
1224;44;1224;2013-04-14;NULL;NULL;NULL;1;2017-12-09 22:39:31;2017-12-09 22:39:31
1225;4;1225;2017-09-19;NULL;NULL;NULL;1;2017-12-09 22:39:31;2017-12-09 22:39:31
1226;4;1226;2016-02-19;2017-01-05;NULL;NULL;1;2017-12-09 22:39:31;2017-12-09 22:39:31
1227;15;1227;2015-09-23;NULL;NULL;NULL;1;2017-12-09 22:39:31;2017-12-09 22:39:31
1228;14;1228;2016-09-03;NULL;NULL;NULL;1;2017-12-09 22:39:31;2017-12-09 22:39:31
1229;46;1229;2014-01-01;NULL;NULL;NULL;1;2017-12-09 22:39:31;2017-12-09 22:39:31
1230;1;1230;2015-02-28;2017-03-16;NULL;NULL;1;2017-12-09 22:39:31;2017-12-09 22:39:31
1231;63;1231;2016-08-22;NULL;NULL;NULL;1;2017-12-09 22:39:31;2017-12-09 22:39:31
1232;63;1232;2016-08-08;NULL;NULL;NULL;1;2017-12-09 22:39:31;2017-12-09 22:39:31
1233;73;1233;2017-01-01;NULL;NULL;NULL;1;2017-12-09 22:39:31;2017-12-09 22:39:31
1234;69;1234;2016-01-01;NULL;NULL;NULL;1;2017-12-09 22:39:31;2017-12-09 22:39:31
1235;67;1235;2016-01-01;NULL;NULL;NULL;1;2017-12-09 22:39:31;2017-12-09 22:39:31
1236;68;1236;2016-01-01;NULL;NULL;NULL;1;2017-12-09 22:39:31;2017-12-09 22:39:31
1237;2;1237;2017-07-23;NULL;NULL;NULL;1;2017-12-09 22:39:31;2017-12-09 22:39:31
1238;12;1238;2016-09-28;NULL;NULL;NULL;1;2017-12-09 22:39:31;2017-12-09 22:39:31
1239;44;1239;2017-08-16;NULL;NULL;NULL;1;2017-12-09 22:39:31;2017-12-09 22:39:31
1240;63;1240;2016-09-13;NULL;NULL;NULL;1;2017-12-09 22:39:31;2017-12-09 22:39:31
1241;15;1241;2016-02-06;NULL;NULL;NULL;1;2017-12-09 22:39:31;2017-12-09 22:39:31
1242;67;1242;2017-06-05;NULL;NULL;NULL;1;2017-12-09 22:39:31;2017-12-09 22:39:31
1243;68;1243;2016-02-18;NULL;NULL;NULL;1;2017-12-09 22:39:31;2017-12-09 22:39:31
1244;47;1244;2016-03-01;NULL;NULL;NULL;1;2017-12-09 22:39:31;2017-12-09 22:39:31
1245;53;1245;2014-02-16;NULL;NULL;NULL;1;2017-12-09 22:39:31;2017-12-09 22:39:31
1246;74;1246;2017-09-06;NULL;NULL;NULL;1;2017-12-09 22:39:31;2017-12-09 22:39:31
1247;53;1247;2014-01-01;NULL;NULL;NULL;1;2017-12-09 22:39:31;2017-12-09 22:39:31
1248;72;1248;2017-01-01;NULL;NULL;NULL;1;2017-12-09 22:39:31;2017-12-09 22:39:31
1249;76;1249;2017-01-01;NULL;NULL;NULL;1;2017-12-09 22:39:31;2017-12-09 22:39:31
1250;12;1250;2015-08-31;NULL;NULL;NULL;1;2017-12-09 22:39:31;2017-12-09 22:39:31
1251;53;1251;2015-02-18;NULL;NULL;NULL;1;2017-12-09 22:39:31;2017-12-09 22:39:31
1252;16;1252;2015-01-01;NULL;NULL;NULL;1;2017-12-09 22:39:31;2017-12-09 22:39:31
1253;16;1253;2015-01-01;NULL;NULL;NULL;1;2017-12-09 22:39:31;2017-12-09 22:39:31
1254;75;1254;2017-01-01;NULL;NULL;NULL;1;2017-12-09 22:39:31;2017-12-09 22:39:31
1255;68;1255;2016-01-01;NULL;NULL;NULL;1;2017-12-09 22:39:31;2017-12-09 22:39:31
1256;44;1256;2013-01-01;NULL;NULL;NULL;1;2017-12-09 22:39:31;2017-12-09 22:39:31
1257;4;1257;2017-05-24;NULL;NULL;NULL;1;2017-12-09 22:39:31;2017-12-09 22:39:31
1258;68;1258;2016-01-01;NULL;NULL;NULL;1;2017-12-09 22:39:31;2017-12-09 22:39:31
1259;16;1259;2016-12-27;NULL;NULL;NULL;1;2017-12-09 22:39:31;2017-12-09 22:39:31
1260;75;1260;2017-01-01;NULL;NULL;NULL;1;2017-12-09 22:39:31;2017-12-09 22:39:31
1261;75;1261;2017-01-01;NULL;NULL;NULL;1;2017-12-09 22:39:31;2017-12-09 22:39:31
1262;46;1262;2014-01-01;NULL;NULL;NULL;1;2017-12-09 22:39:31;2017-12-09 22:39:31
1263;14;1263;2016-05-25;NULL;NULL;NULL;1;2017-12-09 22:39:31;2017-12-09 22:39:31
1264;44;1264;2015-09-01;NULL;NULL;NULL;1;2017-12-09 22:39:31;2017-12-09 22:39:31
1265;4;1265;2016-02-19;2017-01-05;NULL;NULL;1;2017-12-09 22:39:31;2017-12-09 22:39:31
1266;15;1266;2012-02-01;NULL;NULL;NULL;1;2017-12-09 22:39:31;2017-12-09 22:39:31
1267;2;1267;2016-09-02;2016-11-08;NULL;NULL;1;2017-12-09 22:39:31;2017-12-09 22:39:31
1268;44;1268;2017-08-16;NULL;NULL;NULL;1;2017-12-09 22:39:31;2017-12-09 22:39:31
1269;67;1269;2016-07-27;NULL;NULL;NULL;1;2017-12-09 22:39:31;2017-12-09 22:39:31
1270;67;1270;2016-01-19;2016-05-29;NULL;NULL;1;2017-12-09 22:39:31;2017-12-09 22:39:31
1271;47;1271;2015-08-03;NULL;NULL;NULL;1;2017-12-09 22:39:31;2017-12-09 22:39:31
1272;50;1272;2017-09-17;NULL;NULL;NULL;1;2017-12-09 22:39:31;2017-12-09 22:39:31
1273;15;1273;2012-02-01;NULL;NULL;NULL;1;2017-12-09 22:39:31;2017-12-09 22:39:31
1274;2;1274;2015-09-23;2017-03-14;NULL;NULL;1;2017-12-09 22:39:31;2017-12-09 22:39:31
1275;12;1275;2017-05-03;NULL;NULL;NULL;1;2017-12-09 22:39:31;2017-12-09 22:39:31
1276;8;1276;2014-01-01;NULL;NULL;NULL;1;2017-12-09 22:39:31;2017-12-09 22:39:31
1277;72;1277;2017-01-01;NULL;NULL;NULL;1;2017-12-09 22:39:31;2017-12-09 22:39:31
1278;74;1278;2017-02-06;NULL;NULL;NULL;1;2017-12-09 22:39:31;2017-12-09 22:39:31
1279;75;1279;2017-06-06;NULL;NULL;NULL;1;2017-12-09 22:39:31;2017-12-09 22:39:31
1280;15;1280;2012-03-09;NULL;NULL;NULL;1;2017-12-09 22:39:31;2017-12-09 22:39:31
1281;68;1281;2016-01-01;NULL;NULL;NULL;1;2017-12-09 22:39:31;2017-12-09 22:39:31
1282;44;1282;2014-10-27;NULL;NULL;NULL;1;2017-12-09 22:39:31;2017-12-09 22:39:31
1283;47;1283;2014-01-01;NULL;NULL;NULL;1;2017-12-09 22:39:31;2017-12-09 22:39:31
1284;68;1284;2016-01-01;NULL;NULL;NULL;1;2017-12-09 22:39:31;2017-12-09 22:39:31
1285;53;1285;2014-01-01;NULL;NULL;NULL;1;2017-12-09 22:39:31;2017-12-09 22:39:31
1286;76;1286;2017-01-23;2017-04-20;NULL;NULL;1;2017-12-09 22:39:31;2017-12-09 22:39:31
1287;53;1287;2017-02-15;NULL;NULL;NULL;1;2017-12-09 22:39:31;2017-12-09 22:39:31
1288;73;1288;2017-01-01;NULL;NULL;NULL;1;2017-12-09 22:39:31;2017-12-09 22:39:31
1289;75;1289;2017-01-01;NULL;NULL;NULL;1;2017-12-09 22:39:31;2017-12-09 22:39:31
1290;8;1290;2014-10-22;NULL;NULL;NULL;1;2017-12-09 22:39:31;2017-12-09 22:39:31
1291;67;1291;2016-01-01;NULL;NULL;NULL;1;2017-12-09 22:39:31;2017-12-09 22:39:31
1292;53;1292;2017-06-14;NULL;NULL;NULL;1;2017-12-09 22:39:31;2017-12-09 22:39:31
1293;44;1293;2016-02-23;NULL;NULL;NULL;1;2017-12-09 22:39:31;2017-12-09 22:39:31
1294;1;1294;2013-01-01;NULL;NULL;NULL;1;2017-12-09 22:39:31;2017-12-09 22:39:31
1295;9;1295;2017-02-05;NULL;NULL;NULL;1;2017-12-09 22:39:31;2017-12-09 22:39:31
1296;53;1296;2016-03-31;NULL;NULL;NULL;1;2017-12-09 22:39:31;2017-12-09 22:39:31
1297;63;1297;2016-04-02;NULL;NULL;NULL;1;2017-12-09 22:39:31;2017-12-09 22:39:31
1298;63;1298;2016-04-02;NULL;NULL;NULL;1;2017-12-09 22:39:31;2017-12-09 22:39:31
1299;74;1299;2017-02-06;NULL;NULL;NULL;1;2017-12-09 22:39:31;2017-12-09 22:39:31
1300;44;1300;2017-02-27;NULL;NULL;NULL;1;2017-12-09 22:39:31;2017-12-09 22:39:31
1301;50;1301;2017-06-18;NULL;NULL;NULL;1;2017-12-09 22:39:31;2017-12-09 22:39:31
1302;70;1302;2016-01-01;NULL;NULL;NULL;1;2017-12-09 22:39:31;2017-12-09 22:39:31
1303;72;1303;2017-01-01;NULL;NULL;NULL;1;2017-12-09 22:39:31;2017-12-09 22:39:31
1304;8;1304;2014-01-01;NULL;NULL;NULL;1;2017-12-09 22:39:31;2017-12-09 22:39:31
1305;1;1305;2016-10-12;NULL;NULL;NULL;1;2017-12-09 22:39:31;2017-12-09 22:39:31
1306;12;1306;2017-10-10;NULL;NULL;NULL;1;2017-12-09 22:39:31;2017-12-09 22:39:31
1307;15;1307;2014-02-10;NULL;NULL;NULL;1;2017-12-09 22:39:31;2017-12-09 22:39:31
1308;63;1308;2016-11-15;NULL;NULL;NULL;1;2017-12-09 22:39:31;2017-12-09 22:39:31
1309;75;1309;2017-01-01;NULL;NULL;NULL;1;2017-12-09 22:39:31;2017-12-09 22:39:31
1310;12;1310;2014-01-01;NULL;NULL;NULL;1;2017-12-09 22:39:31;2017-12-09 22:39:31
1311;1;1311;2015-10-06;NULL;NULL;NULL;1;2017-12-09 22:39:31;2017-12-09 22:39:31
1312;9;1312;2017-05-17;NULL;NULL;NULL;1;2017-12-09 22:39:31;2017-12-09 22:39:31
1313;15;1313;2015-11-03;NULL;NULL;NULL;1;2017-12-09 22:39:31;2017-12-09 22:39:31
1314;74;1314;2017-03-08;NULL;NULL;NULL;1;2017-12-09 22:39:31;2017-12-09 22:39:31
1315;72;1315;2017-01-01;NULL;NULL;NULL;1;2017-12-09 22:39:31;2017-12-09 22:39:31
1316;70;1316;2016-01-01;2017-01-05;NULL;NULL;1;2017-12-09 22:39:31;2017-12-09 22:39:31
1317;53;1317;2017-03-01;NULL;NULL;NULL;1;2017-12-09 22:39:31;2017-12-09 22:39:31
1318;14;1318;2016-04-12;NULL;NULL;NULL;1;2017-12-09 22:39:31;2017-12-09 22:39:31
1319;12;1319;2016-04-01;NULL;NULL;NULL;1;2017-12-09 22:39:31;2017-12-09 22:39:31
1320;2;1320;2016-04-08;2016-08-29;NULL;NULL;1;2017-12-09 22:39:31;2017-12-09 22:39:31
1321;72;1321;2017-01-01;NULL;NULL;NULL;1;2017-12-09 22:39:31;2017-12-09 22:39:31
1322;76;1322;2017-09-17;NULL;NULL;NULL;1;2017-12-09 22:39:31;2017-12-09 22:39:31
1323;69;1323;2016-01-01;NULL;NULL;NULL;1;2017-12-09 22:39:31;2017-12-09 22:39:31
1324;12;1324;2015-02-25;NULL;NULL;NULL;1;2017-12-09 22:39:31;2017-12-09 22:39:31
1325;2;1325;2016-11-25;NULL;NULL;NULL;1;2017-12-09 22:39:31;2017-12-09 22:39:31
1326;76;1326;2017-01-01;NULL;NULL;NULL;1;2017-12-09 22:39:31;2017-12-09 22:39:31
1327;73;1327;2017-01-01;NULL;NULL;NULL;1;2017-12-09 22:39:31;2017-12-09 22:39:31
1328;68;1328;2016-01-01;NULL;NULL;NULL;1;2017-12-09 22:39:31;2017-12-09 22:39:31
1329;75;1329;2017-01-01;NULL;NULL;NULL;1;2017-12-09 22:39:31;2017-12-09 22:39:31
1330;72;1330;2017-01-01;NULL;NULL;NULL;1;2017-12-09 22:39:31;2017-12-09 22:39:31
1331;67;1331;2016-01-19;NULL;NULL;NULL;1;2017-12-09 22:39:31;2017-12-09 22:39:31
1332;15;1332;2012-02-01;NULL;NULL;NULL;1;2017-12-09 22:39:31;2017-12-09 22:39:31
1333;44;1333;2013-01-01;NULL;NULL;NULL;1;2017-12-09 22:39:31;2017-12-09 22:39:31
1334;70;1334;2017-09-06;NULL;NULL;NULL;1;2017-12-09 22:39:31;2017-12-09 22:39:31
1335;15;1335;2012-10-04;NULL;NULL;NULL;1;2017-12-09 22:39:31;2017-12-09 22:39:31
1336;50;1336;2016-02-24;NULL;NULL;NULL;1;2017-12-09 22:39:31;2017-12-09 22:39:31
1337;4;1337;2013-01-01;NULL;NULL;NULL;1;2017-12-09 22:39:31;2017-12-09 22:39:31
1338;46;1338;2015-05-17;NULL;NULL;NULL;1;2017-12-09 22:39:31;2017-12-09 22:39:31
1339;53;1339;2017-08-28;NULL;NULL;NULL;1;2017-12-09 22:39:31;2017-12-09 22:39:31
1340;50;1340;2014-03-18;NULL;NULL;NULL;1;2017-12-09 22:39:31;2017-12-09 22:39:31
1341;50;1341;2016-09-15;NULL;NULL;NULL;1;2017-12-09 22:39:31;2017-12-09 22:39:31
1342;2;1342;2015-06-23;NULL;NULL;NULL;1;2017-12-09 22:39:31;2017-12-09 22:39:31
1343;1;1343;2013-01-01;2017-03-16;NULL;NULL;1;2017-12-09 22:39:31;2017-12-09 22:39:31
1344;47;1344;2014-01-20;NULL;NULL;NULL;1;2017-12-09 22:39:31;2017-12-09 22:39:31
1345;4;1345;2017-05-24;NULL;NULL;NULL;1;2017-12-09 22:39:31;2017-12-09 22:39:31
1346;15;1346;2012-02-01;NULL;NULL;NULL;1;2017-12-09 22:39:31;2017-12-09 22:39:31
1347;16;1347;2015-01-01;NULL;NULL;NULL;1;2017-12-09 22:39:31;2017-12-09 22:39:31
1348;46;1348;2014-01-01;NULL;NULL;NULL;1;2017-12-09 22:39:31;2017-12-09 22:39:31
1349;2;1349;2014-01-01;NULL;NULL;NULL;1;2017-12-09 22:39:31;2017-12-09 22:39:31
1350;15;1350;2012-02-01;NULL;NULL;NULL;1;2017-12-09 22:39:31;2017-12-09 22:39:31
1351;72;1351;2017-01-01;NULL;NULL;NULL;1;2017-12-09 22:39:31;2017-12-09 22:39:31
1352;73;1352;2017-01-06;NULL;NULL;NULL;1;2017-12-09 22:39:31;2017-12-09 22:39:31
1353;67;1353;2016-03-05;NULL;NULL;NULL;1;2017-12-09 22:39:31;2017-12-09 22:39:31
1354;44;1354;2017-03-29;NULL;NULL;NULL;1;2017-12-09 22:39:31;2017-12-09 22:39:31
1355;74;1355;2017-09-06;NULL;NULL;NULL;1;2017-12-09 22:39:31;2017-12-09 22:39:31
1356;8;1356;2014-01-01;NULL;NULL;NULL;1;2017-12-09 22:39:31;2017-12-09 22:39:31
1357;76;1357;2017-03-08;NULL;NULL;NULL;1;2017-12-09 22:39:31;2017-12-09 22:39:31
1358;53;1358;2015-02-18;NULL;NULL;NULL;1;2017-12-09 22:39:31;2017-12-09 22:39:31
1359;1;1359;2015-10-12;NULL;NULL;NULL;1;2017-12-09 22:39:31;2017-12-09 22:39:31
1360;72;1360;2017-01-01;NULL;NULL;NULL;1;2017-12-09 22:39:31;2017-12-09 22:39:31
1361;15;1361;2012-02-01;NULL;NULL;NULL;1;2017-12-09 22:39:31;2017-12-09 22:39:31
1362;2;1362;2017-02-01;NULL;NULL;NULL;1;2017-12-09 22:39:31;2017-12-09 22:39:31
1363;2;1363;2015-10-20;NULL;NULL;NULL;1;2017-12-09 22:39:31;2017-12-09 22:39:31
1364;63;1364;2015-08-24;NULL;NULL;NULL;1;2017-12-09 22:39:31;2017-12-09 22:39:31
1365;16;1365;2015-01-01;NULL;NULL;NULL;1;2017-12-09 22:39:31;2017-12-09 22:39:31
1366;74;1366;2017-02-06;NULL;NULL;NULL;1;2017-12-09 22:39:31;2017-12-09 22:39:31
1367;68;1367;2016-01-01;NULL;NULL;NULL;1;2017-12-09 22:39:31;2017-12-09 22:39:31
1368;46;1368;2014-01-01;NULL;NULL;NULL;1;2017-12-09 22:39:31;2017-12-09 22:39:31
1369;44;1369;2014-03-09;NULL;NULL;NULL;1;2017-12-09 22:39:31;2017-12-09 22:39:31
1370;72;1370;2017-01-01;NULL;NULL;NULL;1;2017-12-09 22:39:31;2017-12-09 22:39:31
1371;75;1371;2017-01-06;NULL;NULL;NULL;1;2017-12-09 22:39:31;2017-12-09 22:39:31
1372;75;1372;2017-01-01;NULL;NULL;NULL;1;2017-12-09 22:39:31;2017-12-09 22:39:31
1373;4;641;2017-02-17;NULL;NULL;NULL;1;2017-12-09 22:39:31;2017-12-09 22:39:31
1374;1;807;2016-01-28;2016-12-31;NULL;NULL;1;2017-12-09 22:39:31;2017-12-09 22:39:31
